GENE	FREQUENCY
1060P11.7	0
16-5-5	0
A1CF	0
A2M	20
AAAS	0
AAG12	0
AAK1	0
AARS	0
AASDHPPT	0
AATF	2
AATK	0
ABAT	0
ABCA1	7
ABCA2	0
ABCA4	0
ABCA7	0
ABCB1	1
ABCB11	0
ABCB4	0
ABCB9	0
ABCC1	0
ABCC2	0
ABCC3	4
ABCC6	0
ABCC8	0
ABCC9	0
ABCD1	0
ABCD2	0
ABCD3	0
ABCE1	0
ABCF1	0
ABCG5	0
ABCG8	0
ABHD5	0
ABI1	0
ABI2	0
ABL1	5
ABL2	0
ABLIM1	0
ABLIM2	0
ABLIM3	0
ABP1	0
ABR	1
ABT1	0
ACAA1	0
ACAA2	0
ACACA	0
ACACB	0
ACAD8	0
ACADL	0
ACADM	0
ACADS	0
ACADSB	0
ACAN	9
ACAP1	0
ACAP2	0
ACAT1	0
ACCN1	0
ACCN2	0
ACCN3	0
ACD	0
ACE	0
ACE2	0
ACHE	0
ACIN1	0
ACLY	0
ACO1	0
ACO2	0
ACOX1	0
ACOX2	1
ACOX3	0
ACP1	0
ACP5	0
ACR	0
ACRV1	0
ACSL1	1
ACSL3	0
ACSL4	0
ACSL5	0
ACSL6	0
ACSS1	0
ACSS2	0
ACT	0
ACTA1	0
ACTA2	66
ACTB	0
ACTBL2	0
ACTC1	3
ACTG1	0
ACTG2	27
ACTL6A	105
ACTL6B	90
ACTL7A	0
ACTL7B	0
ACTL7C	0
ACTN1	32
ACTN2	0
ACTN3	0
ACTN4	3
ACTR10	0
ACTR1A	0
ACTR1B	0
ACTR2	0
ACTR3	0
ACTR3B	1
ACTRT1	0
ACTRT2	0
ACVR1	1
ACVR1B	0
ACVR1C	0
ACVR2A	0
ACVR2B	0
ACVRL1	1
ACY1	0
ADA	0
ADAM10	11
ADAM12	2
ADAM15	2
ADAM17	7
ADAM19	0
ADAM2	0
ADAM21	0
ADAM23	0
ADAM33	0
ADAM8	0
ADAM9	19
ADAMTS1	2
ADAMTS10	0
ADAMTS12	0
ADAMTS13	0
ADAMTS14	0
ADAMTS16	0
ADAMTS17	0
ADAMTS18	0
ADAMTS19	0
ADAMTS2	0
ADAMTS4	0
ADAMTS5	2
ADAMTS6	0
ADAMTS7	0
ADAMTS8	0
ADAMTS9	0
ADAP1	0
ADAR	0
ADARB1	0
ADCY1	0
ADCY10	0
ADCY2	0
ADCY3	0
ADCY4	0
ADCY5	0
ADCY6	0
ADCY7	3
ADCY8	6
ADCY9	0
ADCYAP1	0
ADCYAP1R1	0
ADD1	0
ADD2	0
ADD3	0
ADFP	0
ADH1A	0
ADH1B	0
ADH1C	0
ADH4	0
ADH5	0
ADH6	0
ADH7	0
ADIPOQ	0
ADIPOR1	0
ADIPOR2	0
ADM	14
ADNP	0
ADORA1	0
ADORA2A	1
ADORA2B	1
ADORA3	10
ADRA1A	0
ADRA1B	0
ADRA1D	0
ADRA2A	1
ADRA2B	0
ADRA2C	0
ADRB1	0
ADRB2	0
ADRB3	0
ADRBK1	0
ADRBK2	0
ADRM1	0
AEBP1	10
AES	1
AFAP1L2	0
AFF4	0
AFG3L2	0
AFP	0
AGA	0
AGAP1	0
AGAP2	0
AGAP3	0
AGER	0
AGFG1	0
AGGF1	0
AGL	0
AGPS	0
AGRN	0
AGRP	0
AGT	35
AGTR1	1
AGTR2	1
AGXT	0
AHCTF1	2
AHNAK	3
AHR	12
AHRR	0
AHSA1	1
AHSG	1
AHSP	0
AICDA	0
AIFM1	4
AIFM2	0
AIP	0
AIRE	0
AK2	0
AK3	0
AK3L1	0
AKAP1	0
AKAP11	0
AKAP12	0
AKAP13	1
AKAP3	0
AKAP4	0
AKAP5	0
AKAP6	0
AKAP7	0
AKAP8	0
AKAP8L	0
AKAP9	0
AKR1A1	0
AKR1B1	0
AKR1B10	0
AKR1C1	0
AKR1C2	0
AKR1C3	0
AKR1CL2	0
AKR7A2	0
AKR7A3	0
AKT1	4
AKT1S1	0
AKT2	0
AKT3	1
ALAD	0
ALAS1	0
ALAS2	0
ALB	0
ALCAM	6
ALDH1A1	0
ALDH1A3	5
ALDH1L1	0
ALDH3A1	0
ALDH3A2	0
ALDH4A1	0
ALDH5A1	0
ALDOA	0
ALDOB	0
ALDOC	2
ALG1	0
ALG11	0
ALG2	0
ALK	0
ALKBH3	0
ALMS1	1
ALOX12B	1
ALOX15B	0
ALOX5	3
ALOX5AP	67
ALPI	0
ALPK3	0
ALPL	0
ALPP	0
ALS2	0
ALS2CR8	0
ALX1	0
ALX3	0
ALX4	0
AMBP	0
AMELX	0
AMELY	0
AMFR	0
AMH	0
AMHR2	0
AMICA1	0
AMIGO1	0
AMIGO2	0
AMIGO3	0
AMN	0
AMPH	251
ANAPC1	1
ANAPC10	6
ANAPC11	0
ANAPC2	1
ANAPC4	0
ANAPC5	0
ANAPC7	0
ANG	11
ANGPT1	21
ANGPT2	24
ANGPT4	0
ANGPTL1	0
ANGPTL3	0
ANGPTL4	1
ANK1	0
ANK2	53
ANK3	58
ANKRA2	0
ANKRD1	0
ANKRD11	0
ANKRD13D	0
ANKRD28	0
ANKRD6	0
ANKRD7	0
ANKZF1	0
ANLN	0
ANP32A	17
ANP32B	0
ANP32C	0
ANP32E	0
ANPEP	0
ANTXR1	0
ANTXR2	0
ANXA1	183
ANXA11	2
ANXA2	147
ANXA3	1
ANXA4	1
ANXA5	118
ANXA6	5
ANXA7	1
AOF2	0
AOX1	0
AP1B1	0
AP1G1	0
AP1G2	0
AP1GBP1	0
AP1M1	0
AP1M2	3
AP1S1	2
AP1S2	13
AP1S3	0
AP2A1	0
AP2A2	5
AP2B1	0
AP2M1	7
AP2S1	1
AP3B1	0
AP3B2	4
AP3D1	0
AP3M1	0
AP3S1	0
AP3S2	0
AP4B1	0
AP4E1	0
AP4M1	0
AP4S1	0
APAF1	0
APBA1	0
APBA2	45
APBA3	0
APBB1	0
APBB1IP	0
APBB2	6
APBB3	0
APC	19
APC2	0
APCS	0
APEX1	1
APEX2	0
APH1A	12
APH1B	0
API5	0
APITD1	0
APLF	0
APLN	0
APLNR	0
APLP1	17
APLP2	1
APOA1	1
APOA2	1
APOA4	0
APOA5	0
APOB	2
APOBEC1	0
APOBEC2	0
APOBEC3G	10
APOC1	4
APOC2	21
APOC3	1
APOD	1
APOE	5
APOF	0
APOH	0
APOL1	0
APP	1
APPBP2	0
APPL1	0
APPL2	0
APRT	0
APTX	0
AQP1	72
AQP2	0
AQP3	0
AQP4	10
AQP5	0
AQP6	0
AQP7	0
AQR	0
AR	8
ARAF	4
ARAP1	0
ARAP2	0
ARAP3	0
ARCN1	0
ARD1A	0
AREG	9
ARF1	1
ARF3	5
ARF4	1
ARF5	0
ARF6	1
ARFGAP1	0
ARFGAP2	0
ARFGAP3	6
ARFGEF1	0
ARFGEF2	0
ARFIP1	0
ARFIP2	0
ARFRP1	0
ARG1	0
ARG2	0
ARHA	0
ARHE	0
ARHGAP1	0
ARHGAP10	0
ARHGAP11A	0
ARHGAP11B	0
ARHGAP12	0
ARHGAP15	2
ARHGAP17	0
ARHGAP18	0
ARHGAP19	0
ARHGAP20	0
ARHGAP22	0
ARHGAP24	0
ARHGAP25	0
ARHGAP26	0
ARHGAP28	0
ARHGAP29	0
ARHGAP30	0
ARHGAP4	0
ARHGAP5	1
ARHGAP6	0
ARHGAP8	0
ARHGAP9	0
ARHGDIA	0
ARHGDIB	55
ARHGDIG	12
ARHGEF1	0
ARHGEF11	0
ARHGEF12	0
ARHGEF15	0
ARHGEF16	0
ARHGEF17	0
ARHGEF18	0
ARHGEF2	0
ARHGEF3	1
ARHGEF4	0
ARHGEF5	0
ARHGEF6	10
ARHGEF7	1
ARHGEF9	1
ARID1A	0
ARID1B	0
ARID2	0
ARID3A	1
ARID3B	0
ARID3C	0
ARID4A	0
ARID4B	0
ARIH1	0
ARIH2	0
ARL1	0
ARL15	0
ARL17	0
ARL2	0
ARL3	0
ARL4A	0
ARL4D	0
ARL5A	0
ARL5B	0
ARL6IP5	0
ARL8B	0
ARMC6	0
ARMS	0
ARNT	0
ARNT2	8
ARNTL	1
ARNTL2	2
ARP11	0
ARPC1A	0
ARPC1B	4
ARPC2	0
ARPC3	0
ARPC4	0
ARPC5	0
ARPC5L	0
ARPM1	0
ARR3	0
ARRB1	1
ARRB2	0
ARSA	0
ARSB	0
ARSF	0
ARTN	0
ARVCF	0
ASAH1	0
ASAP1	0
ASAP2	0
ASB13	0
ASB16	0
ASB2	0
ASB6	0
ASB8	0
ASCC1	0
ASCC2	0
ASCC3	0
ASCL1	4
ASCL2	0
ASCL3	0
ASCL4	0
ASF1A	0
ASF1B	2
ASGR1	0
ASGR2	0
ASH1L	0
ASH2L	0
ASIP	0
ASNS	1
ASPH	0
ASPM	26
ASPSCR1	0
ATAD2	0
ATE1	0
ATF1	34
ATF2	0
ATF3	49
ATF4	0
ATF5	1
ATF6	0
ATF6B	0
ATF7	0
ATF7IP	0
ATG10	0
ATG12	0
ATG16L1	0
ATG16L2	0
ATG3	0
ATG4A	0
ATG4B	0
ATG5	0
ATG7	0
ATIC	0
ATM	25
ATN1	1
ATOH1	0
ATOX1	0
ATP12A	0
ATP13A1	0
ATP13A3	0
ATP1A1	0
ATP1A3	4
ATP1B1	1
ATP1B2	1
ATP1B3	0
ATP2A1	0
ATP2A2	3
ATP2A3	0
ATP2B2	1
ATP2B4	2
ATP2C1	0
ATP2C2	0
ATP4A	0
ATP5A1	0
ATP5B	1
ATP5C1	1
ATP5D	0
ATP5E	0
ATP5F1	1
ATP5G1	0
ATP5G2	0
ATP5G3	1
ATP5H	0
ATP5I	0
ATP5J	0
ATP5J2	1
ATP5L	0
ATP5O	0
ATP6AP1	0
ATP6AP2	0
ATP6V0B	0
ATP6V0C	0
ATP6V0D1	0
ATP6V0E1	0
ATP6V1A	1
ATP6V1B1	0
ATP6V1B2	2
ATP6V1D	0
ATP6V1E1	1
ATP6V1E2	0
ATP6V1G1	0
ATP6V1G2	2
ATP6V1H	6
ATP7A	0
ATP7B	0
ATP8A1	0
ATP8A2	11
ATP8B1	0
ATP8B2	0
ATP8B3	0
ATP8B4	0
ATR	0
ATRIP	0
ATRX	1
ATXN1	3
ATXN2	0
ATXN3	0
ATXN7	0
AUP1	0
AURKA	14
AURKAIP1	0
AURKB	22
AURKC	0
AVEN	0
AVP	0
AVPR1A	0
AVPR1B	0
AVPR2	0
AXIN1	0
AXIN2	0
AXL	1
AXUD1	0
AZGP1	0
AZI1	0
AZIN1	0
AZU1	0
B2M	0
B3GAT3	0
B4GALT1	0
B4GALT5	0
B9D2	0
BACE1	7
BACE2	17
BACH1	0
BACH2	0
BAD	0
BAG1	0
BAG2	2
BAG3	0
BAG4	1
BAG5	0
BAI1	0
BAI2	1
BAI3	0
BAIAP2	0
BAK	0
BAK1	0
BAMBI	6
BANF1	0
BANP	0
BARD1	75
BARX2	0
BAT1	0
BAT2	0
BAT3	0
BAT4	0
BATF	0
BATF3	0
BAX	6
BAZ1A	24
BAZ1B	9
BAZ2A	0
BAZ2B	2
BBC3	0
BBS4	0
BBS7	0
BCAM	0
BCAN	3
BCAP29	0
BCAP31	0
BCAR1	0
BCAR3	1
BCAS2	0
BCAT1	1
BCAT2	0
BCCIP	0
BCHE	2
BCKDHA	0
BCKDHB	1
BCKDK	0
BCL10	0
BCL11A	1
BCL11B	0
BCL2	0
BCL2A1	21
BCL2L1	0
BCL2L10	0
BCL2L11	0
BCL2L14	0
BCL2L2	3
BCL2L7P1	0
BCL3	0
BCL6	4
BCL6B	0
BCL7A	0
BCL9	0
BCLAF1	0
BCOR	1
BCR	2
BDKRB1	0
BDKRB2	0
BDNF	149
BDP1	0
BECN1	0
BET1	0
BET1L	0
BEX1	0
BFAR	0
BGN	3
BHLHB2	0
BHLHB3	4
BHLHB8	0
BICD1	0
BICD2	0
BID	2
BIK	1
BIN1	23
BIN2	1
BIN3	0
BIRC2	0
BIRC3	22
BIRC5	120
BIRC6	0
BIRC7	0
BIRC8	0
BLK	1
BLM	59
BLNK	23
BLOC1S1	0
BLOC1S2	0
BLOC1S3	0
BLVRB	0
BLZF1	0
BMF	0
BMI1	0
BMP1	1
BMP10	0
BMP15	0
BMP2	25
BMP2K	0
BMP3	0
BMP4	5
BMP5	2
BMP6	0
BMP7	0
BMP8A	0
BMP8B	0
BMPR1A	3
BMPR1B	1
BMPR2	0
BMX	0
BNC1	0
BNC2	1
BNIP1	0
BNIP2	1
BNIP3	0
BNIP3L	0
BNIPL	0
BOC	0
BOK	0
BOLL	0
BOP1	0
BORA	0
BPGAP1	0
BPGM	1
BPI	0
BPNT1	0
BPTF	0
BPY2	0
BRAF	0
BRAP	0
BRCA1	5
BRCA2	2
BRCC3	0
BRD8	0
BRE	0
BRF1	0
BRF2	0
BRIP1	0
BRMS1	0
BRS3	0
BRSK1	0
BRSK2	0
BRUNOL5	0
BRUNOL6	0
BRWD1	0
BSG	0
BSPRY	0
BST1	1
BTAF1	0
BTBD1	0
BTC	0
BTF3	0
BTG1	1
BTG2	0
BTG3	1
BTK	2
BTLA	0
BTN3A3	60
BTRC	0
BUB1	0
BUB1B	49
BUB3	0
BXDC1	0
BXDC2	0
BYSL	0
BZW1	0
C-BAS/HAS	0
C-FGR	0
C11ORF48	0
C19ORF29	0
C1GALT1	0
C1QA	85
C1QB	80
C1QBP	0
C1QC	0
C1QTNF5	0
C1R	0
C1S	84
C2	38
C20ORF191	0
C20ORF95	0
C21ORF33	0
C3	55
C3AR1	19
C3ORF10	0
C4A	0
C4B	0
C4BPA	4
C4BPB	0
C4ORF43	0
C5	2
C5AR1	34
C6	0
C7	12
C8A	0
C8B	0
C8G	1
C9	0
CA1	0
CA12	1
CA2	1
CA3	0
CA9	0
CAB39	0
CAB39L	0
CABIN1	0
CABLES1	0
CABLES2	0
CABP1	27
CABP2	0
CABP5	0
CACNA1A	0
CACNA1B	0
CACNA1C	0
CACNA1D	0
CACNA1E	0
CACNA1F	0
CACNA1G	0
CACNA1H	0
CACNA1I	0
CACNA1S	0
CACNA2D1	0
CACNA2D2	1
CACNA2D3	10
CACNA2D4	0
CACNB1	0
CACNB2	6
CACNB3	4
CACNB4	6
CACNG1	0
CACNG2	0
CACNG3	10
CACNG4	0
CACNG5	0
CACNG6	0
CACNG7	0
CACNG8	0
CACYBP	0
CAD	0
CALB1	18
CALB2	2
CALCA	0
CALCOCO1	0
CALCR	0
CALD1	83
CALM1	20
CALML3	2
CALML5	3
CALML6	0
CALR	0
CALR3	0
CAMK1	0
CAMK1D	0
CAMK2A	14
CAMK2B	198
CAMK2D	0
CAMK2G	105
CAMK4	0
CAMKK1	0
CAMKK2	0
CAMLG	0
CAMP	0
CAND1	0
CAND2	0
CANX	1
CAP1	0
CAP2	3
CAPG	0
CAPN1	0
CAPN10	0
CAPN12	0
CAPN13	0
CAPN2	1
CAPN3	0
CAPN5	0
CAPN6	0
CAPN7	0
CAPN9	0
CAPNS1	1
CAPNS2	0
CAPRIN1	0
CAPZA1	0
CAPZA2	0
CAPZA3	0
CAPZB	1
CARD10	0
CARD11	0
CARD14	0
CARD18	0
CARD6	0
CARD8	9
CARD9	0
CARHSP1	0
CARM1	0
CASC3	0
CASC5	0
CASK	12
CASKIN1	0
CASP1	122
CASP10	0
CASP12	0
CASP14	0
CASP2	1
CASP3	86
CASP4	80
CASP5	0
CASP6	25
CASP7	37
CASP8	9
CASP8AP2	0
CASP9	2
CASR	0
CAST	9
CAT	0
CATSPER1	0
CATSPER2	0
CAV1	196
CAV2	8
CAV3	0
CBFA2T2	0
CBFA2T3	0
CBFB	0
CBL	0
CBLB	0
CBLC	1
CBLN1	0
CBLN2	0
CBLN3	0
CBLN4	0
CBR1	0
CBR3	0
CBS	0
CBX1	0
CBX2	0
CBX3	29
CBX4	0
CBX5	0
CBX7	0
CBX8	0
CCAR1	0
CCBP2	0
CCDC101	0
CCDC45	0
CCDC5	0
CCDC59	0
CCDC6	0
CCDC99	8
CCHCR1	0
CCK	8
CCKAR	0
CCKBR	9
CCL1	0
CCL11	5
CCL13	1
CCL14	0
CCL15	0
CCL16	0
CCL17	0
CCL18	20
CCL19	2
CCL2	21
CCL20	19
CCL21	1
CCL22	0
CCL23	0
CCL24	0
CCL25	0
CCL26	0
CCL27	0
CCL28	0
CCL3	0
CCL3L1	0
CCL4	0
CCL5	25
CCL7	2
CCL8	0
CCM2	0
CCNA1	87
CCNA2	106
CCNB1	196
CCNB2	176
CCNB3	0
CCNC	0
CCND1	77
CCND2	21
CCND3	1
CCNE1	4
CCNE2	36
CCNF	0
CCNG1	3
CCNG2	0
CCNH	1
CCNK	0
CCNL1	0
CCNL2	3
CCNO	0
CCNT1	0
CCNT2	0
CCR1	35
CCR10	0
CCR2	0
CCR3	0
CCR4	0
CCR5	9
CCR6	1
CCR7	2
CCR8	0
CCR9	0
CCRK	0
CCRL1	2
CCRN4L	0
CCS	0
CCT1	0
CCT2	1
CCT3	0
CCT4	0
CCT5	1
CCT6A	5
CCT6B	0
CCT7	0
CCT8	0
CCT8L1	0
CCT8L2	0
CD14	56
CD151	6
CD160	0
CD163	1
CD164	0
CD177	0
CD180	2
CD19	1
CD1A	0
CD1B	0
CD1C	2
CD1D	2
CD1E	0
CD2	12
CD200	0
CD200R1	0
CD209	0
CD21	0
CD22	0
CD226	0
CD24	0
CD244	0
CD247	2
CD27	1
CD274	0
CD28	0
CD2AP	14
CD2BP2	0
CD300A	1
CD300LF	0
CD33	0
CD34	3
CD36	18
CD37	33
CD38	19
CD3D	15
CD3E	0
CD3EAP	0
CD3G	1
CD4	18
CD40	1
CD40LG	0
CD44	247
CD46	4
CD47	2
CD48	35
CD5	0
CD52	14
CD53	59
CD55	7
CD58	8
CD59	0
CD6	0
CD63	0
CD68	0
CD69	20
CD7	0
CD70	1
CD72	0
CD74	86
CD79A	2
CD79B	1
CD80	0
CD81	0
CD82	1
CD83	0
CD84	0
CD86	21
CD8A	0
CD8B	1
CD9	33
CD93	3
CD96	0
CD97	8
CD99	0
CDC14A	0
CDC14C	0
CDC16	0
CDC2	141
CDC20	177
CDC23	11
CDC25A	0
CDC25B	10
CDC25C	0
CDC26	0
CDC27	0
CDC2L1	0
CDC2L2	0
CDC2L5	0
CDC34	0
CDC37	0
CDC40	0
CDC42	0
CDC42BPA	0
CDC42BPB	0
CDC42BPG	0
CDC42EP1	0
CDC42EP2	0
CDC42EP3	0
CDC42EP4	0
CDC42EP5	0
CDC42SE1	0
CDC45L	30
CDC5L	0
CDC6	22
CDC7	53
CDC73	1
CDCA3	32
CDCA8	9
CDGAP	0
CDH1	7
CDH10	55
CDH11	40
CDH12	0
CDH13	0
CDH15	0
CDH16	0
CDH17	2
CDH18	165
CDH19	9
CDH2	14
CDH20	0
CDH22	0
CDH23	0
CDH24	0
CDH26	0
CDH3	12
CDH4	4
CDH5	17
CDH6	0
CDH7	0
CDH8	0
CDH9	0
CDIPT	2
CDK10	0
CDK2	24
CDK2AP1	0
CDK2DELTAT	0
CDK3	0
CDK4	223
CDK5	17
CDK5R1	57
CDK5R2	61
CDK5RAP1	0
CDK5RAP2	4
CDK5RAP3	0
CDK6	0
CDK7	3
CDK8	0
CDK9	0
CDKL1	0
CDKL2	0
CDKN1A	29
CDKN1B	1
CDKN1C	0
CDKN2A	44
CDKN2B	0
CDKN2C	177
CDKN2D	0
CDKN3	6
CDON	0
CDS1	0
CDS2	0
CDSN	0
CDT1	2
CDV3	0
CDX1	0
CDX2	0
CDX4	0
CDYL	0
CEACAM1	2
CEACAM3	0
CEACAM5	2
CEACAM6	2
CEACAM8	0
CEBPA	19
CEBPB	14
CEBPD	0
CEBPE	0
CEBPG	1
CEBPZ	1
CECR1	19
CEL	0
CELSR1	0
CELSR2	20
CELSR3	0
CENPA	23
CENPB	0
CENPC1	0
CENPE	20
CENPF	26
CENPH	0
CENPI	0
CENPJ	0
CENPK	0
CENPL	0
CENPM	7
CENPN	6
CENPO	0
CENPP	0
CENPQ	4
CENPT	0
CEP110	0
CEP135	4
CEP152	2
CEP164	0
CEP170	1
CEP192	2
CEP250	0
CEP27	0
CEP290	1
CEP55	0
CEP57	1
CEP63	0
CEP70	0
CEP72	0
CEP76	2
CEP78	0
CER1	0
CES1	0
CETN2	0
CETN3	1
CETP	0
CFB	0
CFD	11
CFDP1	0
CFH	11
CFHR1	0
CFHR3	0
CFHR4	0
CFHR5	0
CFI	57
CFL1	0
CFL2	0
CFLAR	4
CFP	0
CFTR	1
CGA	0
CGB	0
CGGBP1	0
CGN	0
CGNL1	0
CHAD	0
CHAF1A	1
CHAF1B	0
CHD1	12
CHD1L	0
CHD2	0
CHD3	0
CHD4	0
CHD5	12
CHD6	0
CHD7	7
CHD8	0
CHD9	1
CHDH	0
CHEK1	49
CHEK2	13
CHGA	16
CHI3L1	0
CHI3L2	3
CHIA	0
CHIT1	0
CHKA	0
CHKB	0
CHL1	41
CHM	0
CHML	0
CHMP1A	0
CHMP1B	0
CHMP2A	0
CHMP2B	0
CHMP4A	0
CHMP4B	0
CHMP4C	0
CHMP5	0
CHMP6	0
CHN1	45
CHN2	0
CHP	0
CHP2	0
CHRAC1	0
CHRD	0
CHRDL1	0
CHRDL2	0
CHRM1	0
CHRM2	0
CHRM3	0
CHRM4	0
CHRM5	0
CHRNA1	1
CHRNA2	0
CHRNA3	0
CHRNA4	0
CHRNA5	0
CHRNA6	0
CHRNA7	0
CHRNB1	0
CHRNB2	0
CHRNB3	0
CHRNB4	0
CHRND	0
CHRNE	0
CHRNG	0
CHST4	0
CHUK	2
CIAO1	0
CIB1	6
CIB2	0
CIC	0
CIDEA	0
CIDEB	0
CIITA	0
CIR	0
CIRBP	0
CISH	1
CIT	53
CITED1	2
CITED2	4
CITED4	0
CKAP5	0
CKB	0
CKM	0
CKMT2	0
CKS1B	83
CKS2	121
CLASP1	0
CLASP2	11
CLCA1	0
CLCA2	0
CLCA4	0
CLCF1	0
CLCN1	0
CLCN2	0
CLCN3	0
CLCN4	0
CLCN5	1
CLDN1	5
CLDN10	6
CLDN11	0
CLDN14	0
CLDN15	0
CLDN16	0
CLDN17	0
CLDN18	0
CLDN19	0
CLDN2	0
CLDN20	0
CLDN22	0
CLDN23	0
CLDN3	1
CLDN4	1
CLDN5	3
CLDN6	0
CLDN7	8
CLDN8	0
CLDN9	0
CLEC10A	3
CLEC11A	0
CLEC3B	0
CLEC4G	0
CLEC4M	0
CLEC5A	20
CLIC1	9
CLIC2	0
CLIC5	0
CLINT1	0
CLIP1	0
CLK1	46
CLK2	0
CLK3	0
CLK4	0
CLNS1A	0
CLOCK	1
CLP1	0
CLPP	0
CLPS	0
CLPX	0
CLSPN	0
CLSTN1	0
CLSTN2	2
CLSTN3	0
CLTA	0
CLTB	2
CLTC	0
CLTCL1	0
CLU	13
CMA1	0
CMTM2	0
CMTM3	0
CNBP	0
CNDP1	0
CNDP2	0
CNGA1	0
CNGA2	0
CNGA3	8
CNGA4	0
CNGB1	0
CNGB3	0
CNKSR1	0
CNKSR2	110
CNN1	0
CNN3	7
CNO	0
CNOT1	0
CNOT2	2
CNOT3	0
CNOT4	0
CNOT6	0
CNOT6L	0
CNOT7	0
CNOT8	0
CNR1	0
CNR2	0
CNTF	0
CNTFR	0
CNTN1	77
CNTN2	1
CNTN3	0
CNTN4	0
CNTN5	0
CNTN6	0
CNTNAP1	24
CNTNAP2	2
CNTNAP3	0
CNTNAP3B	0
CNTNAP4	0
CNTNAP5	0
COBRA1	0
COG1	0
COG2	0
COG3	0
COG4	0
COG5	0
COG6	0
COG7	0
COG8	0
COIL	0
COL10A1	0
COL11A1	60
COL11A2	0
COL12A1	0
COL13A1	1
COL14A1	0
COL15A1	15
COL16A1	3
COL17A1	2
COL18A1	20
COL19A1	0
COL1A1	50
COL1A2	164
COL20A1	0
COL22A1	0
COL27A1	0
COL29A1	0
COL2A1	4
COL3A1	228
COL4A1	273
COL4A2	229
COL4A3	0
COL4A3BP	0
COL4A4	2
COL4A5	22
COL4A6	0
COL5A1	70
COL5A2	203
COL5A3	4
COL6A1	0
COL6A2	63
COL6A3	120
COL6A6	0
COL7A1	0
COL8A1	0
COL8A2	1
COL9A1	3
COL9A2	3
COL9A3	22
COLQ	0
COMMD8	0
COMP	3
COPA	0
COPB1	0
COPB2	0
COPE	0
COPG	0
COPG2	0
COPS2	1
COPS3	1
COPS4	0
COPS5	0
COPS6	0
COPS8	1
COPZ1	0
COPZ2	1
COQ7	0
CORO1A	8
CORO1C	0
CORO2A	2
CORO2B	0
CORO7	0
CORT	0
COTL1	2
COX4I1	0
COX4I2	0
COX5A	0
COX5B	0
COX6A1	1
COX6A2	0
COX6B1	0
COX6C	0
COX7A1	0
COX7A2L	1
COX7B	1
COX7C	0
COX8A	1
CP	28
CPA1	0
CPA2	0
CPA3	2
CPA4	0
CPA5	0
CPA6	0
CPB1	0
CPB2	3
CPD	1
CPE	15
CPEB1	0
CPLX1	0
CPLX2	0
CPM	0
CPNE1	0
CPNE4	0
CPO	0
CPOX	0
CPS1	1
CPSF1	0
CPSF2	0
CPSF3	0
CPSF4	0
CPSF6	0
CPSF7	0
CPT1A	0
CPT1B	0
CPT1C	0
CPT2	0
CPXM2	0
CR1	0
CR2	2
CRABP1	0
CRABP2	0
CRADD	0
CRB3	0
CRCP	0
CREB1	0
CREB3	0
CREB3L1	0
CREB3L2	20
CREB3L3	0
CREB3L4	0
CREB5	0
CREBBP	0
CREBBP VARIANT PROTEIN	0
CREBZF	0
CREM	0
CRH	0
CRHBP	0
CRHR1	0
CRHR2	0
CRIM1	0
CRIP1	1
CRIP2	0
CRIPAK	0
CRK	0
CRKL	0
CRLF1	0
CRLF3	1
CRMP1	6
CRNKL1	0
CROP	0
CRP	0
CRTAM	0
CRX	0
CRY1	14
CRY2	0
CRYAA	0
CRYAB	0
CRYBB2	0
CRYGC	0
CRYZ	0
CS	0
CSDA	0
CSDE1	0
CSE1L	0
CSE1L-2	0
CSF1	0
CSF1R	4
CSF2	0
CSF2RA	0
CSF2RB	27
CSF3	0
CSF3R	0
CSH1	0
CSK	2
CSN2	0
CSNK1A1	0
CSNK1A1L	0
CSNK1D	2
CSNK1E	0
CSNK1G1	0
CSNK1G2	0
CSNK1G3	0
CSNK2A1	0
CSNK2A2	0
CSNK2B	1
CSPG4	6
CSRNP2	0
CSRNP3	0
CSRP1	0
CSRP2	1
CSRP2BP	0
CSRP3	0
CST3	9
CST5	0
CST7	1
CSTA	42
CSTB	2
CSTF1	1
CSTF2	0
CSTF2T	0
CSTF3	0
CTBP1	5
CTBP2	0
CTCF	0
CTCFL	0
CTDP1	0
CTDSP1	0
CTDSP2	0
CTDSPL	0
CTF1	0
CTGF	24
CTLA4	0
CTNNA1	0
CTNNA2	55
CTNNA3	0
CTNNAL1	34
CTNNB1	0
CTNNBIP1	0
CTNND1	9
CTNND2	16
CTPS	1
CTPS2	0
CTRB1	0
CTRC	0
CTSB	6
CTSC	20
CTSD	7
CTSF	2
CTSG	0
CTSH	3
CTSK	28
CTSL1	19
CTSL2	2
CTSLL6	0
CTSS	94
CTSZ	0
CTTN	1
CTTNBP2	0
CUBN	2
CUGBP1	1
CUGBP2	6
CUL1	0
CUL2	0
CUL3	0
CUL4A	6
CUL4B	2
CUL5	0
CUL7	0
CUX1	0
CX3CL1	4
CX3CR1	4
CXADR	0
CXCL1	1
CXCL10	22
CXCL11	10
CXCL12	13
CXCL13	2
CXCL16	0
CXCL2	1
CXCL3	1
CXCL5	0
CXCL6	1
CXCL9	16
CXCR3	0
CXCR4	164
CXCR5	0
CXCR6	0
CXCR7	22
CXXC1	0
CXXC4	0
CYB5A	2
CYB5R3	0
CYBA	67
CYBB	51
CYC1	1
CYCS	1
CYFIP1	0
CYFIP2	9
CYLC2	0
CYLD	0
CYP11A1	0
CYP11B1	0
CYP11B2	0
CYP17A1	0
CYP19A1	0
CYP1A1	0
CYP1A2	0
CYP1B1	0
CYP21A2	0
CYP24	0
CYP24A1	0
CYP27A1	0
CYP27B1	0
CYP27C1	0
CYP2A13	0
CYP2A6	0
CYP2B6	0
CYP2C18	0
CYP2C19	0
CYP2C8	0
CYP2C9	0
CYP2D6	0
CYP2E1	0
CYP2F1	0
CYP2J2	0
CYP3A4	0
CYP3A43	0
CYP3A5	0
CYP3A7	0
CYP4A11	0
CYP4A22	0
CYP51A1	1
CYP7A1	0
CYP7B1	0
CYP8B1	0
CYR61	60
CYSLTR1	0
CYSLTR2	0
CYTH1	0
CYTH2	0
CYTH3	0
CYTH4	0
CYTIP	0
DAAM1	0
DAAM2	0
DAB1	0
DAB2	13
DACH1	0
DACT1	0
DAD1	0
DAG1	0
DAO	0
DAOA	0
DAP	0
DAP3	0
DAPK1	0
DAPK2	0
DAPK3	0
DAPP1	1
DARC	1
DARS	0
DAXX	1
DAZ1	0
DAZ4	1
DAZAP1	1
DAZL	0
DBF4	100
DBH	0
DBI	0
DBNL	0
DBP	0
DBT	0
DCBLD1	0
DCC	0
DCHS1	14
DCHS2	0
DCI	0
DCK	0
DCLK1	4
DCLK2	0
DCLRE1A	0
DCLRE1C	0
DCN	16
DCP1A	0
DCP1B	0
DCP2	0
DCT	0
DCTN1	12
DCTN2	2
DCTN3	0
DCTN6	0
DCX	0
DCXR	0
DDAH1	0
DDAH2	0
DDB1	0
DDB2	15
DDC	0
DDIT3	6
DDIT4	0
DDOST	2
DDR1	3
DDR2	3
DDT	0
DDX1	0
DDX10	0
DDX17	0
DDX18	0
DDX19B	0
DDX20	0
DDX23	1
DDX24	0
DDX39	2
DDX3X	0
DDX3Y	0
DDX4	0
DDX41	0
DDX42	0
DDX43	0
DDX46	0
DDX5	0
DDX50	0
DDX53	0
DDX54	0
DDX56	1
DDX58	0
DEAF1	5
DEC1	0
DECR1	0
DEDD	0
DEDD2	0
DEFA1	0
DEFA3	0
DEFA4	0
DEFB1	0
DEFB103A	0
DEFB4	0
DEK	10
DEPDC1A	0
DEPDC1B	0
DEPDC7	0
DERL1	0
DES	0
DET1	0
DFFA	0
DFFB	0
DGCR8	0
DGKA	0
DGKB	2
DGKD	0
DGKE	0
DGKG	0
DGKH	0
DGKI	0
DGKQ	0
DGKZ	6
DGUOK	0
DHCR24	21
DHFR	84
DHFRL1	0
DHH	0
DHODH	0
DHPS	0
DHRS2	0
DHTKD1	0
DHX15	0
DHX16	0
DHX33	0
DHX35	0
DHX37	0
DHX38	0
DHX40	2
DHX57	0
DHX8	0
DHX9	0
DIABLO	0
DIAPH1	0
DIAPH2	0
DIAPH3	0
DICER1	0
DIP2A	0
DIRAS1	0
DIRAS2	3
DIRAS3	0
DIS3	1
DISC1	0
DISP1	0
DIXDC1	0
DKC1	3
DKFZP434E026	0
DKFZP434K0126	0
DKFZP434N071	0
DKFZP434N181	0
DKFZP451L152	0
DKFZP564A2282	0
DKFZP564A247	0
DKFZP586H0919	0
DKFZP586M0622	0
DKFZP586M1622	0
DKFZP586O1922	0
DKFZP666O0110	0
DKFZP686A06204	0
DKFZP686A08248	0
DKFZP686A1668	0
DKFZP686B04100	0
DKFZP686B18150	0
DKFZP686C2469	0
DKFZP686D0345	0
DKFZP686D0662	0
DKFZP686D09174	0
DKFZP686E0752	0
DKFZP686E14208	0
DKFZP686E191	0
DKFZP686F1789	0
DKFZP686H1993	0
DKFZP686I0746	0
DKFZP686J01190	0
DKFZP686J1569	0
DKFZP686K101	0
DKFZP686L02273	0
DKFZP686L20222	0
DKFZP686M02159	0
DKFZP686N0154	0
DKFZP686N1782	0
DKFZP686N1815	0
DKFZP686N21130	0
DKFZP686O0215	0
DKFZP686O088	0
DKFZP686O0962	0
DKFZP686O13149	0
DKFZP686P05226	0
DKFZP762F2011	0
DKFZP779C1668	0
DKFZP779K1237	0
DKFZP779L0468	0
DKFZP781A0677	0
DKFZP781B0869	0
DKFZP781B1340	0
DKFZP781F1414	0
DKFZP781I1140	0
DKFZP781K0743	0
DKFZP781N011	0
DKFZP781P1719	0
DKK1	23
DKK2	2
DKK3	0
DKK4	0
DLAT	0
DLC1	0
DLD	1
DLEU1	30
DLG1	0
DLG2	112
DLG3	0
DLG4	0
DLG5	0
DLGAP1	0
DLGAP2	0
DLGAP3	0
DLGAP4	0
DLGAP5	0
DLK1	0
DLL1	0
DLL3	9
DLL4	0
DLST	0
DLX1	0
DLX2	0
DLX3	0
DLX4	0
DLX5	6
DLX6	0
DMA	0
DMAP1	0
DMBT1	1
DMC1	0
DMD	0
DMP1	0
DMPK	0
DMTF1	0
DNA2	0
DNAH1	0
DNAH10	0
DNAH11	0
DNAH2	0
DNAH3	0
DNAH5	0
DNAH6	0
DNAH7	0
DNAH8	0
DNAH9	5
DNAI1	0
DNAI2	0
DNAJA1	0
DNAJA2	0
DNAJA3	0
DNAJA4	0
DNAJB1	1
DNAJB11	0
DNAJB13	0
DNAJB4	0
DNAJB5	0
DNAJB6	0
DNAJB9	0
DNAJC14	0
DNAJC2	0
DNAJC27	0
DNAJC3	1
DNAJC5	0
DNAJC6	68
DNAJC8	0
DNAL4	0
DNASE1	0
DNASE2	0
DNER	0
DNM1	228
DNM1L	0
DNM2	0
DNM3	0
DNMBP	13
DNMT1	11
DNMT3A	0
DNMT3B	0
DNMT3L	0
DNTT	0
DNTTIP2	0
DOC2A	1
DOC2B	0
DOCK1	0
DOCK10	0
DOCK2	18
DOCK3	0
DOCK7	0
DOHH	0
DOK1	0
DOK2	0
DOK3	0
DOK4	0
DOK5	14
DOK6	0
DPAGT1	0
DPF2	0
DPH3	0
DPM1	0
DPM2	0
DPM3	0
DPP4	0
DPT	0
DPYS	0
DPYSL2	3
DPYSL3	2
DPYSL4	0
DPYSL5	0
DR1	0
DRAP1	0
DRD1	0
DRD2	0
DRD3	0
DRD4	0
DRD5	0
DRD5P1	0
DRG1	0
DRP2	0
DSC1	0
DSC2	2
DSC3	2
DSCAM	0
DSG1	0
DSG2	0
DSG3	2
DSN1	2
DSP	13
DSPP	0
DST	0
DSTN	0
DTL	3
DTNA	1
DTNB	0
DTX1	0
DTX2	0
DTX3	0
DTX3L	0
DTX4	0
DUOX1	0
DUS1L	0
DUSP1	17
DUSP10	1
DUSP11	0
DUSP12	0
DUSP14	0
DUSP16	0
DUSP18	0
DUSP19	0
DUSP2	1
DUSP21	0
DUSP3	0
DUSP4	3
DUSP5	5
DUSP6	26
DUSP7	0
DUSP8	5
DUSP9	0
DUT	0
DUX1	0
DVL1	0
DVL1L1	0
DVL2	0
DVL3	2
DYNC1H1	6
DYNC1I1	0
DYNC1I2	0
DYNC1LI1	0
DYNC1LI2	0
DYNC2H1	0
DYNLL1	0
DYNLL2	0
DYNLRB1	0
DYNLT1	73
DYRK1A	0
DYRK1B	0
DYX1C1	0
DZIP1	0
E2F1	0
E2F2	0
E2F3	2
E2F4	0
E2F5	0
E2F6	2
E2F7	0
E4F1	0
EAF1	0
EAF2	0
EARS2	0
EBF1	0
EBF2	0
EBF3	0
EBI3	0
EBNA1BP2	0
ECD	0
ECE1	0
ECE2	0
ECEL1	0
ECH1	0
ECHS1	0
ECM1	0
ECSIT	0
ECT2	31
EDA	0
EDA2R	0
EDAR	0
EDARADD	0
EDEM1	0
EDF1	0
EDIL3	0
EDN1	8
EDN2	0
EDN3	3
EDNRA	50
EDNRB	5
EEA1	0
EED	0
EEF1A1	0
EEF1A2	70
EEF1B2	0
EEF1D	0
EEF1E1	0
EEF1G	0
EEF2	0
EEF2K	0
EEFSEC	0
EFEMP1	4
EFEMP2	11
EFHA1	0
EFHD1	2
EFNA1	16
EFNA2	0
EFNA3	0
EFNA4	10
EFNA5	0
EFNB1	0
EFNB2	11
EFNB3	3
EFS	4
EFTUD2	0
EGF	3
EGFL7	0
EGFR	130
EGLN1	0
EGLN2	0
EGLN3	0
EGR1	21
EGR2	4
EGR3	11
EGR4	0
EHD1	0
EHD3	0
EHD4	12
EHF	0
EHHADH	2
EHMT1	0
EHMT2	0
EI24	0
EID1	0
EIF1	0
EIF1AX	0
EIF1B	0
EIF2A	0
EIF2AK1	0
EIF2AK2	0
EIF2AK3	1
EIF2AK4	0
EIF2B1	0
EIF2B2	0
EIF2B3	0
EIF2B4	0
EIF2B5	0
EIF2C1	0
EIF2C2	0
EIF2C3	0
EIF2C4	0
EIF2S1	0
EIF2S2	0
EIF2S3	16
EIF3A	0
EIF3B	1
EIF3C	0
EIF3D	0
EIF3E	0
EIF3F	0
EIF3G	0
EIF3H	0
EIF3I	0
EIF3J	0
EIF3K	0
EIF3L	0
EIF3M	0
EIF4A1	9
EIF4A2	1
EIF4A3	0
EIF4B	0
EIF4E	6
EIF4E1B	0
EIF4E2	5
EIF4EBP1	26
EIF4EBP2	0
EIF4EBP3	0
EIF4ENIF1	0
EIF4G1	3
EIF4G2	0
EIF4G3	3
EIF4H	0
EIF5	1
EIF5A	0
EIF5A2	0
EIF5AL1	0
EIF5B	1
EIF6	0
ELA1	0
ELA2	0
ELA2A	0
ELA2B	0
ELA3B	0
ELAVL1	35
ELAVL2	0
ELAVL3	0
ELAVL4	49
ELF1	3
ELF2	0
ELF3	0
ELF4	0
ELF5	0
ELK1	0
ELK3	0
ELK4	0
ELL	0
ELL2	0
ELMO1	61
ELMO2	0
ELN	2
ELP2	0
ELP4	0
ELSPBP1	0
EMD	0
EMID1	0
EMID2	0
EMILIN1	1
EMILIN2	0
EML4	0
EMP3	1
EMSY	0
EMX2	9
EN1	8
EN2	3
ENAH	0
ENDOG	0
ENG	1
ENO1	0
ENO2	3
ENO3	0
ENOX1	0
ENOX2	0
ENPEP	0
ENPP1	0
ENPP2	2
ENSA	0
EOMES	0
EP300	0
EP400	0
EPAS1	1
EPB41	0
EPB41L1	24
EPB41L3	7
EPB42	0
EPB49	3
EPC1	0
EPC2	0
EPHA1	0
EPHA2	10
EPHA3	1
EPHA4	31
EPHA5	0
EPHA6	0
EPHA7	0
EPHA8	0
EPHB1	4
EPHB2	3
EPHB3	1
EPHB4	0
EPHB6	27
EPN1	0
EPO	0
EPOR	0
EPPK1	0
EPRS	0
EPS15	11
EPS15L1	0
EPS8	19
EPX	0
ERAS	0
ERBB2	0
ERBB2IP	10
ERBB3	45
ERBB4	18
ERC1	0
ERCC1	0
ERCC2	0
ERCC3	0
ERCC4	0
ERCC5	0
ERCC6	0
ERCC6L	0
ERCC8	1
EREG	2
ERF	0
ERG	0
ERGIC1	0
ERGIC3	0
ERH	0
ERN1	0
ERN2	0
ERO1L	2
ERP29	0
ERRFI1	0
ESAM	0
ESPL1	8
ESR1	0
ESR2	0
ESRRA	0
ESRRB	0
ESRRG	0
ETF1	0
ETFA	0
ETFB	0
ETFDH	0
ETS1	0
ETS2	2
ETV1	34
ETV3	0
ETV4	0
ETV5	1
ETV6	0
ETV7	0
EVI1	2
EVI2B	78
EVI5	0
EVL	0
EVPL	0
EVX1	0
EVX2	0
EWSR1	0
EXO1	8
EXOC1	1
EXOC2	0
EXOC3	0
EXOC4	0
EXOC5	2
EXOC6	0
EXOC7	0
EXOC8	0
EXOSC1	0
EXOSC10	0
EXOSC2	0
EXOSC3	0
EXOSC4	0
EXOSC5	0
EXOSC6	0
EXOSC7	0
EXOSC8	3
EXOSC9	0
EXT1	0
EXT2	0
EXTL1	0
EYA1	0
EYA2	0
EYA3	0
EYA4	1
EZH1	0
EZH2	99
EZR	0
F10	0
F11	0
F11R	17
F12	1
F13A1	10
F13B	0
F2	1
F2R	107
F2RL1	9
F2RL2	1
F2RL3	0
F3	7
F5	2
F7	0
F8	6
F9	0
FAAP24	0
FABP1	0
FABP2	0
FABP3	0
FABP4	0
FABP5	6
FABP6	0
FADD	1
FADS2	0
FAF1	1
FAH	1
FAIM	0
FAIM2	5
FAIM3	1
FAM120B	0
FAM13A1	1
FAM13B1	0
FAM162A	0
FAM33A	0
FAM96B	0
FANCA	0
FANCB	0
FANCC	0
FANCD2	0
FANCE	0
FANCF	2
FANCG	26
FANCI	0
FANCL	0
FANCM	0
FAP	0
FAR1	0
FAR2	0
FARP2	0
FARSA	0
FARSB	0
FAS	62
FASLG	0
FASN	0
FASTK	0
FAT1	0
FAT2	2
FAU	0
FBL	0
FBLIM1	0
FBLN1	3
FBLN2	1
FBLN5	1
FBN1	18
FBN2	38
FBP1	0
FBP2	0
FBXL10	0
FBXL11	0
FBXL2	1
FBXL3	0
FBXL4	0
FBXL5	0
FBXL7	0
FBXL8	0
FBXO11	0
FBXO15	0
FBXO17	0
FBXO18	0
FBXO2	9
FBXO25	0
FBXO3	0
FBXO30	0
FBXO32	0
FBXO34	0
FBXO4	0
FBXO41	0
FBXO44	0
FBXO45	0
FBXO5	19
FBXO7	0
FBXO8	0
FBXO9	0
FBXW11	0
FBXW2	0
FBXW4	0
FBXW7	17
FBXW8	0
FCAR	0
FCER1A	5
FCER1G	115
FCER2	1
FCGR1A	8
FCGR2A	7
FCGR2B	75
FCGR2C	0
FCGR3A	0
FCGR3B	20
FCGRT	63
FCHSD2	0
FDPS	0
FDX1	2
FDXR	0
FE65L2	0
FECH	0
FEM1B	0
FEN1	8
FER	0
FER1L3	4
FERMT2	0
FES	0
FEV	0
FEZ1	16
FEZ2	0
FFAR1	0
FFAR2	0
FFAR3	0
FFR	0
FGA	4
FGB	5
FGD1	0
FGD2	0
FGD3	0
FGD4	0
FGF1	4
FGF10	0
FGF11	0
FGF12	23
FGF13	141
FGF14	33
FGF16	0
FGF17	0
FGF18	1
FGF19	0
FGF2	3
FGF20	1
FGF21	0
FGF22	0
FGF23	0
FGF3	2
FGF4	0
FGF5	0
FGF6	0
FGF7	1
FGF8	1
FGF9	93
FGFBP1	0
FGFR1	2
FGFR1OP	0
FGFR2	0
FGFR3	6
FGFR4	1
FGFRL1	0
FGG	5
FGL1	1
FGL2	0
FGR	21
FH	0
FHL1	1
FHL2	17
FHL3	0
FHL5	0
FHOD1	0
FIBP	0
FIGF	3
FIP1L1	0
FIS1	0
FIZ1	0
FKBP10	2
FKBP1A	1
FKBP1B	6
FKBP2	0
FKBP3	0
FKBP4	0
FKBP5	2
FKBP8	0
FLG	0
FLI1	0
FLII	0
FLJ00153	0
FLJ00185	0
FLJ00371	0
FLJ20896	0
FLNA	49
FLNB	3
FLNC	30
FLOT1	0
FLOT2	0
FLT1	0
FLT3	0
FLT3LG	0
FLT4	0
FMN1	0
FMN2	0
FMNL1	0
FMOD	6
FMR1	0
FN1	78
FNBP1	0
FNTA	0
FNTB	0
FOLH1	0
FOLR1	0
FOS	86
FOSB	7
FOSL1	0
FOSL2	1
FOX1	0
FOXA1	0
FOXA2	4
FOXA3	0
FOXC1	0
FOXD3	0
FOXE1	0
FOXF1	2
FOXF2	0
FOXG1	3
FOXH1	0
FOXJ3	0
FOXK2	0
FOXM1	13
FOXO1	6
FOXO3	0
FOXO4	0
FOXP1	0
FOXP2	0
FOXP3	0
FOXP4	0
FPR1	1
FPR2	0
FPR3	0
FRAP1	1
FRAS1	0
FRAT1	0
FRAT2	0
FREQ	0
FRK	0
FRS2	3
FRS3	0
FRY	0
FRYL	0
FRZB	11
FSCN1	0
FSHB	0
FSHR	0
FST	7
FSTL1	45
FSTL3	0
FTH1	0
FTHL17	0
FTHL19	0
FTL	0
FTMT	0
FTSJ1	0
FUBP1	0
FUBP3	0
FURIN	0
FUS	0
FUSIP1	3
FUT1	0
FUT4	0
FXC1	0
FXR1	0
FXR2	0
FXYD1	0
FXYD2	0
FXYD3	0
FXYD7	1
FYB	7
FYN	18
FZD1	2
FZD10	3
FZD2	23
FZD3	7
FZD4	2
FZD5	0
FZD6	37
FZD7	99
FZD8	0
FZD9	0
FZR1	0
G3BP1	1
G3BP2	0
G6PC	0
G6PC2	0
GAB1	4
GAB2	3
GAB3	0
GABARAP	0
GABARAPL2	2
GABBR1	227
GABBR2	192
GABPA	0
GABPB1	0
GABRA1	244
GABRA2	238
GABRA3	0
GABRA4	17
GABRA5	0
GABRA6	0
GABRB1	199
GABRB2	0
GABRB3	0
GABRG1	0
GABRG2	243
GABRG3	0
GABRQ	0
GABRR1	0
GABRR2	0
GAD1	0
GAD2	0
GADD45A	34
GADD45B	4
GADD45G	11
GAK	0
GAL	0
GALNS	0
GALNT3	0
GALNT5	0
GALR1	0
GALR2	0
GALR3	0
GAMT	0
GAN	0
GANAB	0
GAPDH	1
GAPDHS	0
GAR1	0
GARNL1	0
GARNL3	0
GARS	0
GAS1	6
GAS2	8
GAS6	0
GAST	0
GATA1	0
GATA2	0
GATA3	0
GATA4	0
GATA5	0
GATA6	2
GATAD2A	0
GATAD2B	0
GBA	0
GBE1	5
GBF1	0
GBP1	0
GBP2	0
GBX2	0
GC	0
GCA	5
GCC1	0
GCC2	1
GCDH	0
GCG	1
GCGR	0
GCH1	15
GCHFR	3
GCK	0
GCKR	0
GCLC	0
GCLM	0
GCM1	0
GCM2	0
GCN5L2	0
GCS1	0
GDA	0
GDF1	0
GDF10	1
GDF11	0
GDF15	1
GDF2	0
GDF3	0
GDF3A	0
GDF5	0
GDF6	0
GDF7	0
GDF9	0
GDI1	31
GDI2	0
GDNF	0
GEM	11
GEMIN4	0
GEMIN5	0
GEMIN6	2
GEMIN7	0
GFAP	0
GFER	0
GFI1	0
GFI1B	0
GFM1	0
GFRA1	0
GFRA2	0
GFRA3	0
GGA1	0
GGA2	0
GGA3	0
GGCX	0
GGN	0
GGNBP2	0
GGT1	0
GGT2	0
GH1	0
GH2	0
GHR	6
GHRH	0
GHRHR	0
GHRL	0
GHSR	0
GIF	0
GIGYF1	0
GIMAP5	1
GINS1	142
GINS2	112
GINS4	8
GIPC1	0
GIT1	0
GIT2	0
GJA1	10
GJA3	0
GJA5	0
GJA8	0
GJB1	0
GJB2	0
GJB6	0
GJC1	0
GJD2	0
GK	0
GK2	0
GK3P	0
GKAP1	0
GLB1	0
GLE1	0
GLG1	0
GLI1	7
GLI2	0
GLI3	2
GLIS1	0
GLIS3	0
GLMN	0
GLP1R	0
GLP2R	0
GLRB	0
GLRX	1
GLRX2	0
GLRX3	0
GLS2	1
GLUD1	0
GLUD2	0
GLYAT	0
GLYCAM1	0
GM2A	0
GMCL1	0
GMDS	0
GMEB1	0
GMEB2	0
GMFB	0
GMFG	46
GMIP	0
GML	0
GMNN	103
GMPPA	0
GMPPB	0
GMPS	1
GNA11	0
GNA12	0
GNA13	1
GNA14	0
GNA15	8
GNAI1	39
GNAI2	2
GNAI3	81
GNAL	0
GNAO1	234
GNAQ	0
GNAS	1
GNAT1	0
GNAT2	0
GNAT3	0
GNAZ	40
GNB1	4
GNB2	0
GNB2L1	0
GNB3	0
GNB4	0
GNB5	1
GNG10	0
GNG11	17
GNG12	155
GNG13	0
GNG2	0
GNG3	238
GNG4	1
GNG5	1
GNG7	0
GNG8	0
GNGT1	0
GNGT2	0
GNL1	0
GNL3	0
GNLY	0
GNPAT	0
GNRH1	0
GNRH2	0
GNRHR	0
GNRHR2	0
GOLGA1	0
GOLGA3	0
GOLGA4	0
GOLGA8B	0
GOLPH3	0
GOPC	0
GORASP1	0
GORASP2	0
GOSR1	0
GOSR2	0
GOT1	2
GOT2	0
GP1BA	0
GP1BB	0
GP5	0
GP6	0
GP9	0
GPAA1	0
GPBP1	0
GPBP1L1	0
GPC1	4
GPC2	0
GPC3	4
GPCR	0
GPD1	0
GPD1L	0
GPD2	0
GPER	0
GPHN	0
GPI	1
GPLD1	0
GPM6B	31
GPN1	0
GPN2	0
GPNMB	2
GPR1	0
GPR109B	0
GPR124	0
GPR143	0
GPR161	0
GPR17	0
GPR18	0
GPR183	0
GPR19	1
GPR25	0
GPR26	0
GPR3	0
GPR31	0
GPR35	0
GPR37	11
GPR37L1	0
GPR4	0
GPR45	0
GPR50	0
GPR63	0
GPR65	0
GPR68	0
GPR77	0
GPRIN2	0
GPS2	0
GPSM1	0
GPSM2	5
GPSM3	0
GPX1	0
GPX2	0
GPX4	0
GPX5	0
GRAP	0
GRAP2	0
GRASP	0
GRB10	5
GRB14	6
GRB2	4
GRB7	1
GREM1	3
GREM2	12
GRHL1	0
GRHL2	0
GRHL3	0
GRHPR	0
GRIA1	0
GRIA2	134
GRIA3	49
GRIA4	1
GRID	0
GRID2	0
GRIK1	2
GRIK2	0
GRIK3	0
GRIK4	0
GRIK5	0
GRIN1	0
GRIN2A	82
GRIN2B	0
GRIN2C	0
GRIN2D	0
GRIN3A	0
GRIN3B	0
GRIP1	0
GRK1	0
GRK4	0
GRK5	1
GRK6	0
GRK7	0
GRLF1	0
GRM1	0
GRM2	0
GRM3	54
GRM4	0
GRM5	0
GRM6	0
GRM7	0
GRM8	0
GRN	0
GRP	1
GRP17	0
GRP94C	0
GRPR	0
GRSF1	0
GRWD1	0
GSBS	0
GSC	0
GSC2	0
GSK3A	0
GSK3B	4
GSN	7
GSPT1	0
GSPT2	1
GSR	0
GSTA1	0
GSTA2	0
GSTA3	0
GSTM1	0
GSTM2	0
GSTM3	1
GSTM4	0
GSTM5	2
GSTO1	0
GSTP1	1
GSX2	0
GTBP	0
GTF2A1	0
GTF2A1L	0
GTF2A2	0
GTF2B	0
GTF2E1	2
GTF2E2	3
GTF2F1	0
GTF2F2	0
GTF2H1	0
GTF2H2	0
GTF2H3	0
GTF2H4	0
GTF2H5	0
GTF2I	0
GTF2IRD1	0
GTF3A	0
GTF3C1	0
GTF3C2	0
GTF3C3	1
GTF3C4	0
GTF3C5	0
GTPBP4	0
GTSE1	11
GUCA1A	0
GUCA1B	0
GUCA1C	0
GUCA2A	0
GUCA2B	0
GUCY1A2	0
GUCY1A3	5
GUCY1B3	21
GUCY2C	0
GUCY2D	0
GUCY2F	0
GULP1	0
GUSB	2
GUSBP1	0
GYG1	0
GYG2	6
GYPA	0
GYPB	0
GYPC	0
GYS1	5
GYS2	0
GZMA	18
GZMB	11
GZMH	2
GZMK	4
GZMM	0
H1F0	2
H1FOO	0
H1FX	4
H2AFB2	0
H2AFJ	0
H2AFV	0
H2AFX	0
H2AFY	0
H2AFZ	0
H2BFS	0
H3F3A	0
H4	0
HABP2	0
HABP4	10
HACE1	0
HADHA	0
HADHB	0
HAMP	0
HAND1	0
HAND2	0
HAP1	0
HAPLN1	19
HARS	0
HARS2	0
HAT1	1
HAX1	1
HBA1	0
HBB	0
HBD	0
HBE1	0
HBEGF	1
HBG1	0
HBG2	0
HBP1	0
HBS1L	0
HBZ	0
HCFC1	0
HCFC2	0
HCK	73
HCLS1	76
HCN1	0
HCN2	0
HCN3	0
HCN4	0
HCREM-1	0
HCRT	1
HCRTR1	0
HCRTR2	0
HCST	0
HDAC1	65
HDAC10	0
HDAC11	0
HDAC2	8
HDAC3	0
HDAC4	0
HDAC5	0
HDAC6	0
HDAC7	0
HDAC8	0
HDAC9	1
HDGF	0
HELLS	0
HERC3	0
HERPUD1	0
HES1	4
HES5	0
HES6	0
HES7	0
HESX1	0
HEXA	0
HEXB	0
HEXIM1	0
HEY1	1
HEY2	1
HEYL	0
HFE	0
HFE2	0
HGF	4
HGFAC	0
HGS	1
HHAT	0
HHEX	0
HHIP	0
HIATL1	0
HIC1	0
HIC2	0
HIF1A	7
HIF1AN	0
HIF3A	0
HIGD1A	0
HIP1	4
HIP1R	0
HIPK1	1
HIPK2	3
HIPK3	0
HIPK4	0
HIRA	0
HIRIP3	0
HIST1H1A	0
HIST1H1B	0
HIST1H1D	0
HIST1H1E	0
HIST1H1T	0
HIST1H2AA	0
HIST1H2AB	0
HIST1H2AC	1
HIST1H2AD	0
HIST1H2AG	0
HIST1H2AH	0
HIST1H2AJ	0
HIST1H2BC	0
HIST1H2BD	0
HIST1H2BJ	0
HIST1H2BK	0
HIST1H2BL	0
HIST1H2BM	0
HIST1H2BN	0
HIST1H3A	0
HIST1H4A	0
HIST2H2AA3	0
HIST2H2AB	0
HIST2H2AC	0
HIST2H2BE	0
HIST2H3A	0
HIST3H2A	0
HIST3H3	0
HIVEP1	0
HIVEP2	0
HK1	1
HK2	1
HK3	0
HKDC1	0
HKE1.5	0
HKR1	0
HLA-A	2
HLA-A*03	0
HLA-B	55
HLA-C	39
HLA-DMA	129
HLA-DMB	84
HLA-DOA	0
HLA-DOB	2
HLA-DPA1	98
HLA-DPB1	125
HLA-DQA1	98
HLA-DQA1/DRA	0
HLA-DQA2	0
HLA-DQB1	106
HLA-DRA	168
HLA-DRB1	54
HLA-DRB3	0
HLA-DRB4	0
HLA-DRB5	0
HLA-E	14
HLA-F	36
HLA-G	13
HLA-H	0
HLA-J	0
HLF	148
HLTF	0
HLX	2
HMBS	2
HMG20A	0
HMG20B	0
HMGA1	0
HMGA2	2
HMGB1	0
HMGB2	64
HMGCR	0
HMGCS1	0
HMGCS2	0
HMGN1	0
HMGN2	0
HMGN4	0
HMHA1	3
HMMR	2
HMOX1	13
HMOX2	0
HMX1	0
HNF1A	0
HNF1B	0
HNF4A	0
HNF4G	0
HNMDAR1-3B	0
HNMDAR1-4B	0
HNRNPA0	0
HNRNPA1	0
HNRNPA1L	0
HNRNPA2B1	0
HNRNPA3	0
HNRNPAB	0
HNRNPC	0
HNRNPD	0
HNRNPF	0
HNRNPH1	0
HNRNPH2	0
HNRNPH3	0
HNRNPK	0
HNRNPL	0
HNRNPM	0
HNRNPR	0
HNRNPU	0
HNRNPUL1	0
HNRPA1L3	0
HNRPDL	0
HNRPLL	0
HOMER1	2
HOMER3	0
HOMEZ	0
HOOK2	0
HOPX	0
HOXA1	0
HOXA10	19
HOXA11	1
HOXA13	0
HOXA2	6
HOXA3	0
HOXA4	18
HOXA5	29
HOXA7	7
HOXA9	15
HOXB1	0
HOXB13	0
HOXB2	13
HOXB3	0
HOXB4	0
HOXB5	2
HOXB6	3
HOXB7	36
HOXB8	0
HOXB9	1
HOXC10	44
HOXC11	0
HOXC13	2
HOXC4	2
HOXC5	0
HOXC6	4
HOXC8	0
HOXD10	0
HOXD11	1
HOXD12	0
HOXD13	0
HOXD3	0
HOXD4	0
HOXD8	0
HOXD9	0
HP	2
HP1BP3	0
HPGD	0
HPN	0
HPR	1
HPRT1	3
HPS1	0
HPS3	0
HPS4	0
HPS5	0
HPS6	0
HPSE	11
HR	0
HRAS	3
HRC	0
HREV3	0
HRG	0
HRH1	3
HRH2	0
HRH3	0
HRH4	0
HRK	0
HS24/P52	0
HS2ST1	0
HSBP1	0
HSD11B1	0
HSD11B2	0
HSD17B1	0
HSD17B10	0
HSD17B2	0
HSD17B4	0
HSF1	0
HSF2	0
HSF2BP	0
HSF4	0
HSH2D	0
HSIL5R	0
HSIL5R2	0
HSIL5R4	0
HSP70-1	0
HSP90AA1	0
HSP90AA2	0
HSP90AA4P	0
HSP90AB1	2
HSP90AB3P	0
HSP90AB4P	0
HSP90B1	1
HSP90B2P	0
HSP90BF	0
HSPA14	0
HSPA1A	4
HSPA1L	0
HSPA2	10
HSPA4	0
HSPA4L	2
HSPA5	2
HSPA6	2
HSPA7	0
HSPA8	0
HSPA9	0
HSPB1	2
HSPB11	0
HSPB2	0
HSPB3	0
HSPB6	2
HSPB7	0
HSPB8	2
HSPBP1	0
HSPD1	1
HSPE1	1
HSPG2	0
HSPH1	4
HTATIP	0
HTATSF1	0
HTR1A	0
HTR1B	0
HTR1D	0
HTR1E	0
HTR1F	0
HTR2A	39
HTR2B	1
HTR2C	0
HTR3B	0
HTR4	0
HTR4B	0
HTR5A	0
HTR6	0
HTR7	0
HTRA1	0
HTRA2	0
HTT	0
HUS1	0
HUWE1	0
HYAL2	0
HYOU1	0
HZGJ	0
IAPP	1
IARS	0
IARS2	0
IBSP	6
IBTK	0
ICAM1	17
ICAM2	3
ICAM3	9
ICAM4	0
ICAM5	0
ICK	0
ICMT	0
ICOS	0
ICOSLG	0
ID1	43
ID2	3
ID3	56
ID4	28
IDE	0
IDH1	0
IDH2	0
IDH3A	0
IDH3B	0
IDH3G	0
IER3	5
IFI16	103
IFI27	1
IFI35	7
IFIT1	2
IFIT2	0
IFIT3	0
IFITM1	5
IFITM2	3
IFITM3	0
IFNA1	0
IFNA10	0
IFNA14	0
IFNA16	0
IFNA17	0
IFNA2	0
IFNA21	0
IFNA4	0
IFNA5	0
IFNA6	0
IFNA7	0
IFNA8	0
IFNAR1	0
IFNAR2	0
IFNB1	0
IFNE1	0
IFNG	1
IFNGR1	13
IFNGR2	0
IFNK	0
IFNW1	0
IFT172	0
IFT57	0
IFT88	0
IGBP1	0
IGF1	3
IGF1R	0
IGF2	40
IGF2BP1	0
IGF2BP2	0
IGF2BP3	0
IGF2R	12
IGFALS	0
IGFBP1	1
IGFBP2	189
IGFBP3	198
IGFBP4	36
IGFBP5	43
IGFBP6	4
IGFBP7	17
IGHA1	0
IGHE	0
IGHG1	0
IGHG3	0
IGHM	11
IGHV	0
IGHV1-69	0
IGHV4-31	0
IGHV7-81	0
IGJ	0
IGKC	24
IGKV A18	0
IGKV1-5	14
IGKV2-24	0
IGKV4-1	0
IGLC1	0
IGLL1	0
IGLV	0
IGLV1-36	0
IGLV1-40	0
IGLV1-44	0
IGLV10-54	0
IGLV11-55	0
IGLV2-11	0
IGLV2-14	6
IGLV2-18	0
IGLV2-23	0
IGLV2-33	0
IGLV3-12	0
IGLV3-16	0
IGLV3-22	0
IGLV3-25	11
IGLV3-27	0
IGLV4-3	0
IGLV4-60	0
IGLV4-69	0
IGLV5-37	0
IGLV5-45	0
IGLV6-57	0
IGLV7-43	0
IGLV7-46	0
IGLV8-61	0
IGM	0
IGSF1	0
IGSF5	0
IGSF8	0
IHH	0
IK	0
IKBKAP	0
IKBKB	0
IKBKE	0
IKBKG	0
IKZF1	0
IKZF2	0
IKZF3	0
IKZF4	0
IKZF5	0
IL10	0
IL10RA	74
IL10RB	91
IL11	0
IL11RA	9
IL12A	0
IL12B	0
IL12RB1	0
IL12RB2	0
IL13	0
IL13RA1	41
IL13RA2	56
IL15	4
IL15RA	2
IL16	0
IL17A	0
IL17B	0
IL17RA	0
IL17RB	0
IL18	36
IL18BP	0
IL18R1	0
IL18RAP	0
IL19	0
IL1A	2
IL1B	8
IL1F10	0
IL1F7	0
IL1R1	1
IL1R2	18
IL1RAP	17
IL1RL1	0
IL1RL2	0
IL1RN	0
IL2	0
IL20	0
IL20RA	0
IL20RB	0
IL21	0
IL21R	0
IL22	0
IL22RA1	0
IL22RA2	0
IL23A	0
IL23R	0
IL24	0
IL25	0
IL27	0
IL27RA	0
IL28A	0
IL28B	0
IL28RA	0
IL29	0
IL2RA	4
IL2RB	3
IL2RG	8
IL3	0
IL31RA	0
IL32	2
IL3RA	0
IL4	0
IL4R	6
IL5	0
IL5RA	0
IL6	20
IL6R	0
IL6ST	0
IL7	9
IL7R	14
IL8	65
IL8RA	0
IL8RB	0
IL9	0
IL9R	0
ILF2	0
ILF3	0
ILK	0
ILP3	0
ILVBL	0
IMMT	0
IMP3	0
IMP4	0
IMPA1	0
IMPA2	1
IMPDH1	0
IMPDH2	0
INA	0
INADL	0
INCENP	0
ING1	0
ING2	0
ING3	0
ING4	0
INHA	0
INHBA	2
INHBB	4
INHBC	0
INHBE	2
INPP1	0
INPP4A	0
INPP4B	1
INPP5B	0
INPP5D	0
INPP5E	0
INPP5K	0
INPPL1	0
INS	0
INSIG1	0
INSL3	0
INSM1	0
INSR	0
INSRR	0
INVS	0
IPCEF1	0
IPO11	0
IPO13	0
IPO4	2
IPO5	0
IPO7	0
IPO8	0
IPO9	0
IQGAP1	26
IQGAP2	15
IQGAP3	0
IQSEC1	3
IQSEC2	0
IRAK1	1
IRAK2	0
IRAK3	0
IRAK4	0
IREB2	0
IRF1	41
IRF2	13
IRF3	0
IRF4	0
IRF5	0
IRF6	0
IRF7	10
IRF8	3
IRF9	4
IRS1	2
IRS2	2
IRS4	0
IRX1	0
IRX3	0
IRX4	0
IRX5	0
ISG15	4
ISG20	22
ISL1	1
ISL2	0
ISLR	3
ITCH	1
ITGA1	0
ITGA10	2
ITGA11	0
ITGA2	67
ITGA2B	0
ITGA3	14
ITGA4	4
ITGA5	48
ITGA6	24
ITGA7	34
ITGA8	4
ITGA9	0
ITGAD	0
ITGAE	0
ITGAL	0
ITGAM	0
ITGAV	26
ITGAX	0
ITGB1	0
ITGB1BP1	0
ITGB2	147
ITGB3	0
ITGB3BP	47
ITGB4	1
ITGB5	12
ITGB6	5
ITGB7	1
ITGB8	17
ITGBL1	6
ITIH1	0
ITIH2	0
ITIH3	0
ITIH4	0
ITK	3
ITPK1	0
ITPKA	61
ITPKB	12
ITPR1	55
ITPR2	2
ITPR3	4
ITSN1	0
ITSN2	0
IVD	0
IVL	3
IVNS1ABP	0
JAG1	19
JAG2	0
JAK1	4
JAK2	0
JAK3	0
JAM2	12
JAM3	1
JARID1A	0
JARID1B	1
JARID1C	0
JARID1D	0
JARID2	0
JAZF1	0
JDP2	0
JMJD1A	0
JMJD1B	0
JMJD1C	0
JMJD2A	0
JMJD2B	0
JMJD2C	0
JMJD6	0
JMY	0
JPH1	0
JPH2	0
JTV1	0
JUB	0
JUN	3
JUNB	7
JUND	1
JUP	13
KAI1	0
KAL1	14
KALRN	0
KARS	0
KATNA1	3
KATNB1	0
KBF2	0
KCNA1	0
KCNA10	0
KCNA2	0
KCNA3	0
KCNA4	0
KCNA5	0
KCNA6	0
KCNA7	0
KCNAB1	4
KCNAB2	0
KCNAB3	0
KCNB1	52
KCNB2	0
KCNC1	8
KCNC2	0
KCND1	0
KCND2	4
KCND3	0
KCNE1	0
KCNE2	0
KCNE4	1
KCNF1	0
KCNG1	0
KCNG2	0
KCNG3	0
KCNG4	0
KCNH1	0
KCNH2	0
KCNH3	0
KCNH4	0
KCNH5	0
KCNH6	0
KCNH7	0
KCNH8	0
KCNIP1	4
KCNIP2	0
KCNIP3	0
KCNIP4	0
KCNJ1	0
KCNJ10	0
KCNJ11	0
KCNJ12	0
KCNJ15	1
KCNJ16	2
KCNJ2	1
KCNJ3	0
KCNJ4	0
KCNJ5	0
KCNJ6	49
KCNJ8	1
KCNJ9	0
KCNK12	0
KCNK13	0
KCNK15	0
KCNK5	0
KCNK6	0
KCNK7	0
KCNK9	0
KCNMA1	0
KCNMB1	2
KCNN1	0
KCNN2	1
KCNN3	0
KCNN4	0
KCNQ1	0
KCNQ2	0
KCNQ3	0
KCNQ4	0
KCNQ5	0
KCNS3	1
KCNV1	47
KCNV2	0
KCTD13	1
KCTD17	0
KCTD5	0
KDELR1	6
KDELR2	53
KDELR3	3
KDR	17
KEAP1	0
KHDRBS1	0
KHDRBS2	3
KHDRBS3	5
KHSRP	0
KIAA0053	0
KIAA0146	0
KIAA0391	0
KIAA0528	0
KIAA0776	0
KIAA0841	0
KIAA0907	0
KIAA1033	0
KIAA1109	0
KIAA1333	0
KIAA1543	0
KIAA1627	0
KIAA1683	0
KIAA1688	0
KIAA1875	0
KIAA1967	0
KIF11	17
KIF13A	0
KIF13B	0
KIF14	11
KIF15	28
KIF17	0
KIF18A	5
KIF1B	0
KIF1C	1
KIF20A	22
KIF21A	0
KIF21B	2
KIF23	13
KIF27	0
KIF2A	0
KIF2B	0
KIF2C	62
KIF3A	3
KIF3B	1
KIF3C	4
KIF4A	3
KIF4B	0
KIF5A	51
KIF5B	0
KIF5C	55
KIF7	0
KIFAP3	1
KIFC1	4
KIFC3	0
KIN	0
KIN27	0
KIR2DL1	0
KIR2DL2	0
KIR2DL3	0
KIR2DL4	0
KIR2DL5A	0
KIR2DS1	0
KIR2DS2	0
KIR2DS3	0
KIR2DS4	0
KIR3DL1	0
KIR3DL2	0
KIR3DL3	0
KIR3DS1	0
KIRREL	0
KISS1	0
KISS1R	0
KIT	22
KITLG	0
KL	2
KLB	0
KLC1	29
KLC2	2
KLC3	0
KLC4	0
KLF1	0
KLF10	0
KLF11	0
KLF12	0
KLF13	0
KLF15	0
KLF16	0
KLF2	0
KLF3	0
KLF4	0
KLF5	1
KLF6	10
KLF9	0
KLHL12	0
KLHL13	0
KLHL2	2
KLHL20	0
KLHL9	0
KLK1	0
KLK10	0
KLK11	0
KLK13	0
KLK2	0
KLK3	0
KLK6	2
KLK7	0
KLK9	0
KLKB1	0
KLRB1	2
KLRC1	0
KLRC2	0
KLRC3	4
KLRC4	0
KLRD1	0
KLRG1	0
KLRK1	4
KNG1	0
KNS2	0
KNTC1	9
KPNA1	0
KPNA2	10
KPNA3	0
KPNA4	1
KPNA5	0
KPNA6	0
KPNA7	0
KPNB1	0
KRAS	7
KREMEN2	0
KRIT1	0
KRR1	0
KRT1	1
KRT10	0
KRT13	5
KRT14	5
KRT15	7
KRT16	6
KRT17	8
KRT18	22
KRT19	21
KRT2	0
KRT20	0
KRT3	0
KRT31	0
KRT32	0
KRT35	0
KRT4	0
KRT5	7
KRT6A	7
KRT6B	7
KRT7	2
KRT72	0
KRT8	21
KRT81	0
KRT85	0
KRT9	0
KSR1	0
KSR2	0
KTN1	0
L-SELECTIN	0
L1CAM	0
L3MBTL	0
L3MBTL2	0
LAGE3	0
LALBA	0
LAMA1	0
LAMA2	52
LAMA3	12
LAMA4	10
LAMA5	12
LAMB1	134
LAMB2	66
LAMB3	14
LAMB4	0
LAMC1	143
LAMC2	4
LAMC3	7
LAPTM5	86
LARP1	0
LARS	0
LASP1	0
LASS2	0
LAT	1
LAT2	1
LATS1	0
LATS2	0
LAX1	0
LBP	1
LBR	44
LBX1	0
LCAT	0
LCK	3
LCN1	0
LCN2	1
LCP1	15
LCP2	31
LCT	0
LDB1	0
LDB2	3
LDB3	0
LDHA	0
LDHB	0
LDHC	0
LDLR	8
LDLRAD3	0
LDLRAP1	0
LDOC1	11
LECT1	0
LEF1	0
LEFTY1	0
LEFTY2	8
LENEP	0
LEO1	0
LEP	0
LEPR	1
LFNG	0
LGALS1	0
LGALS3	1
LGALS3BP	88
LGI1	2
LGI2	0
LGMN	7
LGR4	0
LGR5	0
LHB	0
LHCGR	0
LHX1	0
LHX2	24
LHX3	0
LHX4	0
LHX5	0
LHX6	17
LHX9	0
LIF	0
LIFR	3
LIG1	1
LIG3	0
LIG4	0
LILRA1	0
LILRA3	0
LILRB1	19
LILRB2	5
LILRB3	0
LILRB4	1
LIMA1	13
LIMD1	3
LIMD2	0
LIMK1	0
LIMK2	1
LIMS1	37
LIMS2	0
LIN54	0
LIN7A	0
LIN7B	0
LIN7C	0
LIN9	0
LINGO1	0
LIPA	0
LIPC	0
LIPE	0
LIPF	0
LIPG	14
LITAF	10
LLGL1	0
LLGL2	1
LMAN1	2
LMLN	0
LMNA	3
LMNB1	98
LMNB2	24
LMO1	2
LMO2	29
LMO3	37
LMO4	5
LMO7	0
LMOD1	0
LMX1A	0
LMX1B	0
LNPEP	0
LNX1	0
LNX2	0
LOC392787	0
LOC401308	0
LONP2	0
LOR	1
LOX	3
LPA	0
LPAR1	0
LPAR2	0
LPAR3	0
LPAR4	0
LPL	68
LPO	0
LPP	1
LPXN	9
LRAT	0
LRCH4	0
LRDD	0
LRIG1	8
LRP1	17
LRP10	15
LRP12	0
LRP1B	8
LRP2	1
LRP3	0
LRP4	3
LRP5	6
LRP6	0
LRP8	0
LRPAP1	0
LRPPRC	0
LRRC1	0
LRRC41	0
LRRC4C	0
LRRC59	0
LRRC7	0
LRRFIP1	0
LRRFIP2	0
LRRK1	0
LRSAM1	0
LSM1	1
LSM10	0
LSM11	0
LSM2	17
LSM3	0
LSM4	0
LSM5	6
LSM6	0
LSM7	5
LSM8	4
LSP1	1
LST1	17
LST8	0
LTA	1
LTA4H	0
LTB	2
LTB4R	0
LTB4R2	0
LTBP1	23
LTBP3	3
LTBP4	0
LTBR	0
LTC4S	0
LTF	40
LTK	0
LUM	40
LY6E	0
LY6H	1
LY86	6
LY96	51
LYAR	0
LYL1	0
LYN	58
LYPLA1	6
LYST	0
LYZ	31
LZTS1	0
M18BP1	0
M6PR	0
M6PRBP1	6
MACF1	1
MAD1L1	0
MAD2L1	123
MAD2L2	0
MADCAM1	0
MADD	2
MADH5	0
MAF	0
MAFA	0
MAFB	0
MAFF	2
MAFG	0
MAFK	0
MAG	0
MAGEA1	0
MAGEA4	0
MAGED1	3
MAGEH1	1
MAGI1	0
MAGI2	10
MAGI3	0
MAGOH	2
MAGOHB	0
MAGOHP	0
MAK	0
MAL	4
MALL	0
MALT1	2
MAML1	0
MAML2	0
MAML3	0
MAN1A1	0
MAN1A2	0
MAN1B1	0
MAN1C1	2
MAN2A2	0
MAN2B1	0
MAN2C1	0
MAOA	0
MAOB	0
MAP1A	0
MAP1B	35
MAP1D	0
MAP1LC3A	0
MAP1LC3B	0
MAP1S	0
MAP2	47
MAP2K1	8
MAP2K2	0
MAP2K3	0
MAP2K4	8
MAP2K5	0
MAP2K6	0
MAP2K7	0
MAP3K1	2
MAP3K10	0
MAP3K11	0
MAP3K12	0
MAP3K13	0
MAP3K14	3
MAP3K2	0
MAP3K3	0
MAP3K4	0
MAP3K5	3
MAP3K6	0
MAP3K7	2
MAP3K7IP1	0
MAP3K7IP2	0
MAP3K7IP3	0
MAP3K8	22
MAP3K9	0
MAP4	0
MAP4K1	1
MAP4K2	0
MAP4K3	2
MAP4K4	1
MAP4K5	0
MAPK1	8
MAPK10	114
MAPK11	0
MAPK12	0
MAPK13	15
MAPK14	2
MAPK15	0
MAPK3	0
MAPK4	0
MAPK6	0
MAPK7	0
MAPK8	0
MAPK8IP1	0
MAPK8IP2	0
MAPK8IP3	0
MAPK9	1
MAPKAP1	0
MAPKAPK2	0
MAPKAPK3	0
MAPKAPK5	0
MAPKSP1	0
MAPRE1	4
MAPRE2	0
MAPRE3	0
MAPT	81
MARCH7	0
MARCH8	0
MARCKS	1
MARCKSL1	1
MARK1	0
MARK2	0
MARK3	0
MARK4	1
MARS	1
MAS1	0
MASP1	0
MASP2	0
MAST1	0
MAST2	0
MAST3	7
MAST4	0
MASTL	0
MAT1A	0
MAT2A	0
MAT2B	0
MATK	0
MATN1	0
MATN2	125
MATN3	1
MATR3	1
MAVS	0
MAX	0
MAZ	0
MB	0
MBD1	0
MBD2	0
MBD3	0
MBD3L1	0
MBD3L2	0
MBD4	0
MBL2	0
MBP	50
MBTPS1	0
MBTPS2	0
MC1R	0
MC2R	0
MC3R	0
MC4R	0
MC5R	0
MCAM	5
MCC	6
MCCC1	0
MCCC2	0
MCF2	0
MCF2L	5
MCFD2	0
MCHR1	0
MCHR2	0
MCL1	2
MCM10	28
MCM2	174
MCM3	51
MCM3AP	0
MCM4	20
MCM5	82
MCM6	51
MCM7	133
MCM8	0
MCRS1	0
MCTS1	0
MDC1	0
MDFI	0
MDFIC	11
MDH1	0
MDH2	0
MDK	42
MDM2	12
MDM2 ISOFORM KB9	0
MDM4	7
ME1	2
ME2	0
MECP2	0
MED1	0
MED10	0
MED11	0
MED12	0
MED12L	0
MED13	0
MED13L	1
MED14	0
MED15	0
MED16	0
MED17	13
MED18	0
MED20	1
MED21	1
MED22	0
MED23	4
MED24	0
MED25	0
MED26	0
MED27	0
MED28	20
MED29	0
MED30	0
MED31	0
MED4	0
MED6	0
MED7	0
MED8	0
MED9	0
MEF2A	0
MEF2B	0
MEF2C	43
MEF2D	0
MEFV	0
MEGF9	0
MEIS1	17
MEIS2	10
MEIS3	0
MEIS3P1	0
MEIS3P2	0
MELK	182
MEN1	0
MEOX1	1
MEOX2	2
MEP1A	0
MEP1B	0
MERTK	6
MET	5
METAP1	0
METAP2	0
METTL2A	0
METTL3	0
MFAP2	15
MFAP5	7
MFGE8	1
MFN1	0
MFNG	0
MFRP	0
MGAM	0
MGAT1	0
MGEA5	0
MGMT	0
MGP	97
MGRN1	0
MIA	0
MIA2	0
MIB1	0
MIB2	0
MICA	0
MICAL1	1
MICALL1	4
MICB	0
MID1	0
MID1IP1	0
MID2	0
MIER1	0
MIF	1
MINA	0
MINK1	0
MIP	0
MIPEP	0
MIS12	8
MIST	0
MITD1	0
MITF	1
MIZF	0
MKI67	18
MKL1	0
MKL2	0
MKNK1	0
MKNK2	0
MLC1	9
MLF1	0
MLF1IP	53
MLH1	1
MLH3	0
MLL	0
MLL2	0
MLL3	0
MLLT1	0
MLLT3	0
MLLT4	0
MLLT6	0
MLN	0
MLNR	0
MLPH	19
MLTK	0
MLX	0
MLXIP	0
MLXIPL	0
MME	1
MMP1	30
MMP10	0
MMP11	0
MMP12	23
MMP13	2
MMP14	2
MMP15	0
MMP16	0
MMP17	0
MMP19	0
MMP2	154
MMP20	0
MMP21	0
MMP23A	0
MMP24	0
MMP25	0
MMP26	0
MMP27	0
MMP28	0
MMP3	6
MMP7	44
MMP8	1
MMP9	94
MMRN1	4
MMS19	0
MNAT1	1
MNDA	28
MNT	0
MNX1	0
MOAP1	4
MOBKL1B	0
MOBKL3	0
MOCS2	0
MOCS3	0
MOG	39
MON2	0
MORF4L1	0
MORF4L2	0
MOS	0
MOXD1	0
MOXD2	0
MPDZ	0
MPDZ VARIANT PROTEIN	0
MPG	0
MPHOSPH1	3
MPHOSPH10	0
MPL	0
MPO	0
MPP1	1
MPP2	0
MPP3	0
MPP4	0
MPP5	1
MPP6	0
MPST	0
MPZ	0
MRAS	20
MRC1	0
MRE11A	0
MRGBP	0
MRLC3	0
MRP63	0
MRPL11	0
MRPL12	0
MRPL23	0
MRPL34	0
MRPS11	0
MRPS12	0
MRPS16	0
MRPS24	0
MRPS7	0
MS4A1	2
MS4A2	0
MSC	0
MSH2	3
MSH3	0
MSH4	0
MSH5	0
MSH6	1
MSI1	0
MSL3	0
MSMB	0
MSN	215
MSR1	0
MST1	1
MST1R	1
MST4	0
MSTN	4
MSX1	21
MSX2	1
MT-ATP6	0
MT-ATP8	0
MT-CO1	0
MT-CO2	0
MT-CO3	0
MT-CYB	0
MT-ND1	0
MT-ND2	0
MT-ND3	0
MT-ND4	0
MT-ND4L	0
MT-ND5	0
MT-ND6	0
MT1E	0
MT1F	0
MT1G	0
MT1H	0
MT1M	0
MT1X	0
MT2A	0
MTA1	0
MTA2	0
MTA3	0
MTBP	0
MTCH1	0
MTCH2	0
MTCP1	0
MTDH	0
MTHFD1	0
MTHFD1L	0
MTHFD2	0
MTIF2	0
MTMR2	0
MTMR8	0
MTMR9	0
MTNR1A	0
MTNR1B	0
MTPN	0
MTSS1	0
MTTP	6
MTX1	0
MTX2	0
MUC1	11
MUC2	0
MUC20	0
MUC4	0
MUC5AC	0
MUC7	0
MUS81	0
MUSK	0
MUTYH	0
MVD	0
MVK	0
MVP	28
MX1	3
MX2	3
MXD1	0
MXD3	0
MXD4	0
MXI1	0
MXRA5	12
MXRA8	2
MYB	4
MYBBP1A	0
MYBL1	11
MYBL2	7
MYBPC1	36
MYBPC2	0
MYBPC3	0
MYBPH	0
MYC	105
MYCBP	2
MYCBP2	1
MYCBPAP	0
MYCL1	0
MYCL2	0
MYCN	0
MYD88	26
MYF5	0
MYF6	0
MYH1	0
MYH10	6
MYH11	1
MYH13	0
MYH14	0
MYH15	0
MYH16	0
MYH2	0
MYH3	0
MYH4	0
MYH6	0
MYH7	0
MYH7B	0
MYH8	0
MYH9	12
MYL1	0
MYL2	0
MYL3	0
MYL4	0
MYL5	0
MYL7	0
MYL9	27
MYLC2B	0
MYLC2PL	0
MYLK	13
MYLK2	0
MYLK3	0
MYLK4	0
MYLPF	0
MYO10	0
MYO15A	0
MYO16	0
MYO18A	0
MYO18B	0
MYO19	0
MYO1A	0
MYO1B	4
MYO1C	0
MYO1D	2
MYO1E	2
MYO1F	17
MYO3A	0
MYO3B	0
MYO5A	0
MYO5B	0
MYO5C	1
MYO6	0
MYO7A	0
MYO7B	0
MYO9A	0
MYO9B	0
MYOC	0
MYOCD	0
MYOD1	0
MYOG	0
MYOM1	0
MYOM2	0
MYST1	0
MYST2	0
MYST3	0
MYST4	0
MYT1	0
MYT1L	0
MZF1	0
NAB1	0
NAB2	0
NACA	0
NACAP1	0
NACC1	0
NAE1	0
NAGA	1
NAIP	0
NANOS1	0
NAP1L1	1
NAP1L2	1
NAP1L4	0
NAPA	11
NAPB	0
NAPSA	0
NARG1	0
NARG1L	0
NARS	0
NASP	0
NAT1	2
NAT2	0
NBEA	1
NBLA10058	0
NBN	0
NCALD	0
NCAM1	26
NCAM2	0
NCAN	52
NCAPD2	23
NCAPG	19
NCAPG2	0
NCAPH	3
NCBP1	3
NCBP2	2
NCF1	1
NCF2	53
NCF4	20
NCK1	10
NCK2	1
NCKAP1	0
NCKAP1L	0
NCKIPSD	0
NCL	0
NCOA1	8
NCOA2	0
NCOA3	1
NCOA4	0
NCOA5	0
NCOA6	0
NCOA7	0
NCOR1	0
NCOR2	0
NCR1	0
NCR2	0
NCR3	0
NCSTN	33
NDC80	39
NDE1	0
NDEL1	11
NDN	32
NDNL2	0
NDRG1	0
NDRG2	0
NDRG3	0
NDRG4	0
NDUFA1	0
NDUFA10	1
NDUFA11	0
NDUFA12	0
NDUFA13	0
NDUFA2	0
NDUFA3	2
NDUFA4	1
NDUFA5	1
NDUFA6	1
NDUFA7	0
NDUFA8	1
NDUFA9	0
NDUFAB1	0
NDUFB1	0
NDUFB10	0
NDUFB11	0
NDUFB2	0
NDUFB3	0
NDUFB4	1
NDUFB5	0
NDUFB6	1
NDUFB7	0
NDUFB8	2
NDUFB9	0
NDUFC1	0
NDUFC2	0
NDUFS1	1
NDUFS2	1
NDUFS3	1
NDUFS4	1
NDUFS5	0
NDUFS6	0
NDUFS7	0
NDUFS8	0
NDUFV1	0
NDUFV2	1
NDUFV3	0
NEB	1
NEBL	0
NECAB3	0
NECAP2	0
NEDD1	0
NEDD4	5
NEDD4L	0
NEDD8	0
NEDD9	10
NEF3	0
NEFH	98
NEFL	115
NEFM	117
NEIL1	0
NEK1	0
NEK11	2
NEK2	15
NEK4	0
NEK6	0
NEK7	0
NEK8	0
NEK9	0
NELL1	7
NES	38
NET1	0
NEU1	0
NEU3	0
NEURL2	0
NEUROD1	2
NEUROD2	0
NEUROG1	0
NEUROG2	0
NEUROG3	0
NF1	0
NF2	0
NFAM1	0
NFASC	33
NFAT5/TONEBP	0
NFATC1	0
NFATC2	0
NFATC2IP	0
NFATC3	0
NFATC4	0
NFE2	0
NFE2L1	0
NFE2L2	0
NFE2L3	0
NFIA	0
NFIB	0
NFIC	11
NFIL3	0
NFIX	0
NFKB1	5
NFKB2	0
NFKBIA	1
NFKBIB	0
NFKBIE	0
NFKBIL1	0
NFKBIZ	0
NFRKB	0
NFU1	0
NFX1	0
NFXL1	0
NFYA	0
NFYB	0
NFYC	0
NGB	0
NGEF	0
NGF	0
NGFR	14
NGFRAP1	1
NGLY1	0
NGRN	0
NHEDC1	0
NHEJ1	0
NHLH1	2
NHLH2	0
NHP2L1	0
NID1	160
NID2	132
NIF3L1	0
NIM1	0
NKD1	0
NKD2	0
NKRF	0
NKTR	0
NKX2-1	1
NKX2-2	17
NKX2-3	0
NKX2-5	0
NKX3-1	0
NKX3-2	0
NKX6-1	0
NLGN1	12
NLGN2	0
NLGN3	0
NLK	0
NLP	0
NLRC4	0
NLRP1	0
NLRP12	0
NLRP2	0
NLRP3	0
NLRP4	0
NMA	0
NMB	14
NMBR	0
NMDAR2C	0
NME1	0
NME2	0
NME2P1	0
NME3	0
NME4	0
NME5	0
NME7	0
NMI	13
NMS	0
NMT1	0
NMU	0
NMUR1	0
NMUR2	0
NNMT	75
NOD1	0
NOD2	5
NODAL	0
NOG	0
NOL3	0
NOL5	0
NOL5A	0
NOLC1	0
NOMO2	0
NOMO3	0
NONO	6
NOP2	0
NOS1	0
NOS2	0
NOS3	0
NOSIP	0
NOSTRIN	0
NOTCH1	14
NOTCH2	5
NOTCH2NL	0
NOTCH3	0
NOTCH4	4
NOV	9
NOVA1	0
NOX1	0
NOX3	0
NOX4	1
NOXO1	0
NP	32
NPAS1	0
NPAS2	0
NPAS3	0
NPAS4	0
NPAT	0
NPB	0
NPBWR1	0
NPBWR2	0
NPC1	0
NPFF	0
NPFFR1	0
NPFFR2	0
NPHP1	0
NPHP4	0
NPHS1	0
NPHS2	0
NPLOC4	0
NPM1	10
NPPA	0
NPPB	0
NPPC	0
NPR1	1
NPR2	0
NPR3	0
NPTX1	8
NPTX2	1
NPTXR	0
NPW	0
NPY	27
NPY1R	1
NPY2R	1
NPY5R	0
NQO1	6
NQO2	0
NR0B1	2
NR0B2	0
NR1D1	0
NR1D2	0
NR1H2	0
NR1H3	0
NR1H4	0
NR1I2	0
NR1I3	0
NR2C1	0
NR2C2	0
NR2C2AP	0
NR2E1	3
NR2E3	0
NR2F1	4
NR2F2	0
NR2F6	0
NR3C1	0
NR3C2	4
NR4A1	0
NR4A2	0
NR4A3	0
NR5A1	0
NR5A2	0
NR6A1	0
NRAS	125
NRBF2	0
NRBP1	0
NRCAM	31
NRF1	0
NRG1	0
NRG2	0
NRG3	0
NRG4	0
NRIP1	1
NRIP2	0
NRK	0
NRL	0
NRP1	2
NRP2	0
NRTN	0
NRXN1	59
NRXN2	13
NRXN3	22
NSD1	0
NSF	204
NSFL1C	0
NSL1	0
NSMAF	0
NSUN2	0
NSUN5	0
NSUN5C	0
NT	0
NT5C2	0
NT5E	0
NTF3	0
NTF4	0
NTHL1	0
NTN1	0
NTN4	0
NTNG1	0
NTRK1	1
NTRK2	23
NTRK3	5
NTS	0
NTSR1	0
NTSR2	0
NUAK1	14
NUAK2	1
NUB1	0
NUBP1	0
NUCB1	0
NUCB2	4
NUDC	0
NUDT16L1	0
NUDT21	4
NUDT6	0
NUF2	0
NUMA1	0
NUMB	0
NUMBL	0
NUP107	35
NUP133	0
NUP153	0
NUP155	3
NUP160	0
NUP188	0
NUP205	27
NUP210	0
NUP214	0
NUP35	0
NUP37	74
NUP43	7
NUP50	0
NUP54	9
NUP62	0
NUP85	1
NUP88	4
NUP93	6
NUP98	0
NUPL1	0
NUPL2	2
NUPR1	1
NUSAP1	4
NUTF2	0
NVL	0
NXF1	0
NXF2	0
NXF3	0
NXF5	0
NXT1	2
NXT2	0
OAS1	3
OAS2	1
OAS3	2
OASL	2
OAZ1	0
OAZ2	0
OAZ3	0
OBFC2B	0
OBP2A	0
OBSCN	0
OBSL1	0
OCLN	1
OCRL	0
ODC1	2
ODF1	0
ODF2	0
ODZ1	0
ODZ2	0
ODZ3	0
ODZ4	0
OFD1	0
OGDH	0
OGDHL	0
OGG1	0
OGT	1
OLIG1	0
OLIG2	0
OLIG3	0
OLR1	7
OMG	0
ONECUT1	0
ONECUT2	0
OPHN1	0
OPN1LW	0
OPN1MW	0
OPN4	0
OPRD1	0
OPRK1	0
OPRL1	0
OPRM	0
OPRM1	0
OR10A2	0
OR10A3	0
OR10A4	0
OR10A5	0
OR10A6	0
OR10A7	0
OR10AD1	0
OR10AG1	0
OR10C1	0
OR10G2	0
OR10G3	0
OR10G4	0
OR10G6	0
OR10G7	0
OR10G8	0
OR10G9	0
OR10H1	0
OR10H2	0
OR10H3	0
OR10H4	0
OR10H5	0
OR10J1	0
OR10J3	0
OR10J5	0
OR10K1	0
OR10K2	0
OR10P1	0
OR10Q1	0
OR10R2	0
OR10S1	0
OR10T2	0
OR10V1	0
OR10W1	0
OR10X1	0
OR10Z1	0
OR11A1	0
OR11G2	0
OR11H1	0
OR11H4	0
OR11H6	0
OR11L1	0
OR12D2	0
OR12D3	0
OR13C2	0
OR13C3	0
OR13C4	0
OR13C5	0
OR13C8	0
OR13C9	0
OR13D1	0
OR13F1	0
OR13G1	0
OR13H1	0
OR13J1	0
OR14A16	0
OR14C36	0
OR14I1	0
OR14J1	0
OR1A1	0
OR1A2	0
OR1B1	0
OR1C1	0
OR1D2	0
OR1D5	0
OR1E1	0
OR1F1	0
OR1F12	0
OR1F2	0
OR1G1	0
OR1I1	0
OR1J1	0
OR1J2	0
OR1J4	0
OR1K1	0
OR1L1	0
OR1L3	0
OR1L4	0
OR1L6	0
OR1L8	0
OR1M1	0
OR1N1	0
OR1N2	0
OR1Q1	0
OR1S1	0
OR1S2	0
OR2A1	0
OR2A12	0
OR2A14	0
OR2A2	0
OR2A25	0
OR2A4	0
OR2A5	0
OR2A7	0
OR2AE1	0
OR2AG1	0
OR2AG2	0
OR2AJ1	0
OR2AK2	0
OR2AP1	0
OR2AT4	0
OR2B11	0
OR2B2	0
OR2B3	0
OR2B6	0
OR2B8P	0
OR2C1	0
OR2C3	0
OR2D2	0
OR2D3	0
OR2F1	0
OR2F2	0
OR2G2	0
OR2G3	0
OR2G6	0
OR2H1	0
OR2H2	0
OR2I1P	0
OR2J1	0
OR2J2	0
OR2J3	0
OR2K2	0
OR2L13	0
OR2L2	0
OR2L3	0
OR2L5	0
OR2L8	0
OR2M2	0
OR2M3	0
OR2M4	0
OR2M5	0
OR2M7	0
OR2S2	0
OR2T1	0
OR2T10	0
OR2T11	0
OR2T12	0
OR2T2	0
OR2T27	0
OR2T29	0
OR2T3	0
OR2T33	0
OR2T34	0
OR2T35	0
OR2T4	0
OR2T5	0
OR2T6	0
OR2T8	0
OR2V1	0
OR2V2	0
OR2W1	0
OR2W3	0
OR2Y1	0
OR2Z1	0
OR3A1	0
OR3A2	0
OR3A3	0
OR3A4	0
OR4A15	0
OR4A16	0
OR4A47	0
OR4A4P	0
OR4A5	0
OR4A8P	0
OR4B1	0
OR4C11	0
OR4C12	0
OR4C13	0
OR4C15	0
OR4C16	0
OR4C3	0
OR4C45	0
OR4C46	0
OR4C5	0
OR4C6	0
OR4D1	0
OR4D10	0
OR4D11	0
OR4D2	0
OR4D5	0
OR4D6	0
OR4D9	0
OR4E1	0
OR4E2	0
OR4F15	0
OR4F17	0
OR4F21	0
OR4F3	0
OR4F4	0
OR4F5	0
OR4F6	0
OR4K1	0
OR4K13	0
OR4K14	0
OR4K15	0
OR4K17	0
OR4K2	0
OR4K3	0
OR4K5	0
OR4L1	0
OR4M1	0
OR4M2	0
OR4N2	0
OR4N4	0
OR4N5	0
OR4P4	0
OR4Q2	0
OR4Q3	0
OR4S1	0
OR4S2	0
OR4X1	0
OR4X2	0
OR51A2	0
OR51A4	0
OR51A7	0
OR51B2	0
OR51B4	0
OR51B5	0
OR51B6	0
OR51D1	0
OR51E1	0
OR51E2	0
OR51F1	0
OR51F2	0
OR51G1	0
OR51G2	0
OR51H1P	0
OR51I1	0
OR51I2	0
OR51J1	0
OR51L1	0
OR51M1	0
OR51Q1	0
OR51S1	0
OR51T1	0
OR51V1	0
OR52A1	0
OR52A5	0
OR52B2	0
OR52B4	0
OR52B6	0
OR52D1	0
OR52E2	0
OR52E4	0
OR52E6	0
OR52E8	0
OR52H1	0
OR52I1	0
OR52I2	0
OR52J3	0
OR52K1	0
OR52K2	0
OR52M1	0
OR52N1	0
OR52N2	0
OR52N4	0
OR52N5	0
OR52R1	0
OR52W1	0
OR56A3	0
OR56A4	0
OR56A5	0
OR56B1	0
OR56B4	0
OR5A1	0
OR5A2	0
OR5AC2	0
OR5AK2	0
OR5AN1	0
OR5AP2	0
OR5AR1	0
OR5AS1	0
OR5AU1	0
OR5B12	0
OR5B17	0
OR5B21	0
OR5B3	0
OR5C1	0
OR5D13	0
OR5D14	0
OR5D16	0
OR5D18	0
OR5F1	0
OR5H2	0
OR5H6	0
OR5I1	0
OR5J2	0
OR5K1	0
OR5K2	0
OR5L1	0
OR5L2	0
OR5M1	0
OR5M10	0
OR5M11	0
OR5M3	0
OR5M8	0
OR5M9	0
OR5P2	0
OR5P3	0
OR5R1	0
OR5T1	0
OR5T2	0
OR5T3	0
OR5V1	0
OR6A2	0
OR6B1	0
OR6B2	0
OR6B3	0
OR6C1	0
OR6C2	0
OR6C3	0
OR6C4	0
OR6C6	0
OR6C70	0
OR6C74	0
OR6C75	0
OR6C76	0
OR6F1	0
OR6K2	0
OR6K6	0
OR6M1	0
OR6N1	0
OR6N2	0
OR6Q1	0
OR6S1	0
OR6T1	0
OR6V1	0
OR6X1	0
OR6Y1	0
OR7A10	0
OR7A17	0
OR7A5	0
OR7C1	0
OR7C2	0
OR7D2	0
OR7D4	0
OR7G1	0
OR7G2	0
OR7G3	0
OR8A1	0
OR8B12	0
OR8B4	0
OR8B8	0
OR8D1	0
OR8D2	0
OR8D4	0
OR8G1	0
OR8G5	0
OR8H1	0
OR8H2	0
OR8H3	0
OR8I2	0
OR8J1	0
OR8J3	0
OR8K1	0
OR8K3	0
OR8K5	0
OR8S1	0
OR8U1	0
OR8U8	0
OR9A2	0
OR9A4	0
OR9G1	0
OR9G4	0
OR9I1	0
OR9K2	0
OR9Q1	0
OR9Q2	0
ORAI1	0
ORC1L	2
ORC2L	4
ORC3L	1
ORC4L	0
ORC5L	0
ORC6L	13
ORM1	0
OS9	0
OSBP	0
OSBP2	0
OSBPL1A	0
OSBPL2	0
OSBPL5	0
OSBPL8	1
OSM	0
OSMR	13
OSR1	0
OSTF1	0
OTUB1	0
OTUD7A	0
OTUD7B	0
OTX1	0
OTX2	0
OVGP1	0
OXSR1	0
OXT	0
OXTR	0
P2RX1	0
P2RX2	0
P2RX3	0
P2RX4	2
P2RX5	12
P2RX6	0
P2RX7	2
P2RY1	0
P2RY10	1
P2RY11	0
P2RY12	0
P2RY13	0
P2RY2	0
P2RY4	0
P2RY6	0
P4HA1	2
P4HA2	3
P4HA3	0
P4HB	12
PA2G4	0
PAAF1	0
PABPC1	0
PABPC3	0
PABPC4	0
PABPN1	1
PACS1	0
PACSIN1	0
PACSIN2	0
PACSIN3	0
PAEP	0
PAFAH1B1	4
PAFAH1B2	0
PAFAH1B3	0
PAG1	0
PAH	1
PAICS	0
PAIP1	0
PAIP2	0
PAK1	0
PAK2	25
PAK3	105
PAK4	0
PAK6	57
PAK7	59
PALLD	29
PAN2	0
PAN3	0
PANX1	0
PANX2	0
PAPD1	0
PAPOLA	0
PAPPA	0
PAPPA2	0
PAPSS1	0
PAPSS2	0
PAQR5	0
PARC	0
PARD3	1
PARD3B	0
PARD6A	0
PARD6B	0
PARD6G	0
PARG	0
PARK2	0
PARK7	0
PARN	0
PARP1	0
PARP14	0
PARP2	0
PARP3	0
PARP4	33
PARP9	0
PARVA	0
PARVB	0
PARVG	0
PASK	0
PATZ1	0
PAWR	0
PAX1	1
PAX2	0
PAX3	0
PAX4	0
PAX5	0
PAX6	21
PAX7	0
PAX8	3
PAX9	0
PAXIP1	0
PBK	185
PBRM1	0
PBX1	0
PBX2	0
PBX3	11
PBX4	0
PBXIP1	0
PC	0
PCAF	16
PCBD1	0
PCBD2	0
PCBP1	0
PCBP2	0
PCBP4	0
PCCA	0
PCCB	0
PCDH1	0
PCDH10	0
PCDH11X	0
PCDH11Y	0
PCDH12	3
PCDH15	0
PCDH17	14
PCDH18	0
PCDH19	0
PCDH21	0
PCDH24	0
PCDH7	0
PCDH8	37
PCDH9	44
PCDHA1	0
PCDHA10	0
PCDHA11	0
PCDHA12	0
PCDHA13	0
PCDHA2	0
PCDHA3	0
PCDHA4	0
PCDHA5	0
PCDHA6	0
PCDHA7	0
PCDHA8	0
PCDHA9	1
PCDHAC1	0
PCDHAC2	0
PCDHB1	0
PCDHB10	0
PCDHB11	0
PCDHB12	1
PCDHB13	0
PCDHB14	0
PCDHB15	0
PCDHB16	0
PCDHB17	0
PCDHB18	0
PCDHB2	0
PCDHB3	0
PCDHB4	0
PCDHB5	0
PCDHB6	0
PCDHB7	0
PCDHB8	0
PCDHB9	0
PCDHGA1	0
PCDHGA10	1
PCDHGA11	0
PCDHGA12	0
PCDHGA2	0
PCDHGA3	0
PCDHGA4	0
PCDHGA5	0
PCDHGA6	0
PCDHGA7	0
PCDHGA8	2
PCDHGA9	0
PCDHGB1	0
PCDHGB2	0
PCDHGB3	0
PCDHGB4	0
PCDHGB5	0
PCDHGB6	1
PCDHGB7	0
PCDHGC3	0
PCDHGC4	0
PCDHGC5	0
PCF11	0
PCGF2	0
PCGF6	0
PCK1	1
PCK2	1
PCM1	0
PCMT1	0
PCNA	207
PCNP	0
PCNT	0
PCOLCE	61
PCSK1	21
PCSK1N	14
PCSK2	35
PCSK4	0
PCSK5	2
PCSK6	0
PCSK7	0
PCTK1	0
PCTK2	0
PCTK3	0
PDAP1	0
PDC	0
PDCD1	0
PDCD10	0
PDCD11	0
PDCD1LG2	0
PDCD2	0
PDCD4	0
PDCD6	0
PDCD6IP	0
PDCD7	0
PDCL	0
PDE10A	0
PDE1A	15
PDE1B	0
PDE1C	0
PDE3A	0
PDE3B	0
PDE4A	0
PDE4B	0
PDE4C	0
PDE4D	0
PDE5A	0
PDE6A	0
PDE6B	0
PDE6C	0
PDE6D	0
PDE6G	0
PDE6H	0
PDE7A	0
PDE7B	0
PDGFA	12
PDGFB	0
PDGFC	61
PDGFD	59
PDGFRA	29
PDGFRB	2
PDHA1	1
PDHA2	0
PDHB	0
PDHX	1
PDIA2	0
PDIA3	1
PDIA4	17
PDIA6	10
PDK1	0
PDK2	0
PDK3	0
PDLIM4	2
PDLIM5	1
PDLIM7	0
PDP1	0
PDP2	0
PDPK1	0
PDPK2	0
PDPR	0
PDS5A	0
PDS5B	0
PDX1	0
PDYN	22
PDZD2	18
PDZD3	0
PDZK1	0
PEA15	0
PEBP1	0
PECAM1	0
PEF1	0
PEG3	51
PELO	1
PELP1	0
PENK	4
PEO1	1
PER1	1
PER2	0
PER3	0
PERP	13
PES1	0
PEX1	0
PEX10	0
PEX12	0
PEX13	0
PEX14	0
PEX16	0
PEX19	0
PEX26	0
PEX3	0
PEX5	0
PEX6	0
PEX7	0
PF4	1
PF4V1	0
PFDN1	0
PFDN2	1
PFDN4	0
PFDN5	0
PFDN6	0
PFKFB1	0
PFKFB2	0
PFKFB3	0
PFKFB4	0
PFKL	0
PFKM	1
PFKP	1
PFN1	0
PFN2	1
PFN3	0
PFN4	0
PFTK1	1
PFTK2	0
PGAP1	0
PGC	0
PGD	0
PGF	6
PGK1	0
PGK2	0
PGLS	0
PGM1	0
PGM5	0
PGR	0
PGRMC1	0
PHAX	0
PHB	0
PHB2	0
PHC1	0
PHC2	0
PHC3	0
PHEX	0
PHF1	0
PHF10	0
PHF12	0
PHF17	0
PHF21A	0
PHF3	0
PHF5A	0
PHKA1	4
PHKA2	1
PHKB	0
PHKG1	1
PHKG2	0
PHLDA3	0
PHLPP	0
PHOX2A	0
PHOX2B	0
PHYH	0
PI3	0
PI4KA	120
PI4KB	0
PIAS1	0
PIAS2	0
PIAS3	3
PIAS4	0
PIB5PA	0
PICALM	0
PICK1	0
PIF1	0
PIGA	0
PIGC	0
PIGF	0
PIGG	0
PIGH	0
PIGK	0
PIGM	0
PIGO	0
PIGP	0
PIGQ	0
PIGR	0
PIGS	0
PIGT	0
PIGU	0
PIGX	0
PIK3C2A	0
PIK3C2B	6
PIK3C2G	1
PIK3C3	7
PIK3CA	26
PIK3CB	0
PIK3CD	0
PIK3CG	0
PIK3R1	31
PIK3R2	0
PIK3R3	0
PIK3R4	0
PIK3R5	0
PILRA	0
PIM1	1
PIM2	0
PIN1	7
PIN4	0
PINX1	0
PIP	0
PIP4K2A	4
PIP4K2B	0
PIP4K2C	2
PIP5K1A	1
PIP5K1B	0
PIP5K1C	15
PIP5K3	0
PIPSL	0
PIR	4
PITPNA	3
PITRM1	0
PITX1	0
PITX2	1
PITX3	0
PIWIL1	0
PIWIL2	0
PIWIL4	0
PJA1	1
PJA2	0
PKD1	0
PKD2	0
PKIA	6
PKIG	0
PKLR	0
PKM2	1
PKMYT1	1
PKN1	5
PKN2	10
PKN3	0
PKNOX1	0
PKNOX2	0
PKP1	4
PKP2	0
PKP3	2
PKP4	0
PLA2G10	1
PLA2G12A	0
PLA2G12B	0
PLA2G1B	0
PLA2G2A	12
PLA2G2D	0
PLA2G2E	0
PLA2G2F	0
PLA2G3	0
PLA2G4A	63
PLA2G4B	0
PLA2G5	25
PLA2G6	0
PLA2G7	0
PLAA	0
PLAGL1	4
PLAT	115
PLAU	81
PLAUR	33
PLCB1	1
PLCB2	0
PLCB3	0
PLCB4	5
PLCD1	1
PLCD3	0
PLCD4	0
PLCE1	2
PLCG1	0
PLCG1 VARIANT PROTEIN	0
PLCG2	12
PLCH1	0
PLCL1	1
PLCL2	0
PLCZ1	0
PLD1	1
PLD2	0
PLEC1	3
PLEK	11
PLEK2	0
PLEKHA1	0
PLEKHA2	0
PLEKHA7	0
PLEKHA8	0
PLEKHB1	0
PLEKHB2	0
PLEKHG2	0
PLEKHG5	0
PLG	0
PLIN	0
PLK1	18
PLK2	5
PLK3	0
PLK4	0
PLN	2
PLOD1	6
PLOD2	8
PLOD3	1
PLP1	22
PLP2	33
PLRG1	0
PLS3	1
PLSCR1	6
PLSCR3	0
PLSCR4	2
PLTP	5
PLXNA1	0
PLXNA2	0
PLXNA3	0
PLXNA4	0
PLXNB1	0
PLXNB2	0
PLXNB3	1
PLXNC1	0
PLXND1	0
PMAIP1	18
PMCH	0
PMF1	0
PML	0
PML-RAR	0
PMP22	0
PMPCA	0
PMPCB	0
PMS1	0
PMS2	0
PMS2CL	0
PMS2L1	0
PMS2L12	0
PMS2L2	0
PMS2L5	0
PMS2L8	0
PMS4L	0
PMS5	0
PNKP	0
PNLIP	0
PNLIPRP2	0
PNMA1	0
PNN	0
PNO1	0
PNOC	16
PNPT1	0
PNRC1	0
PNRC2	0
PNUTL2	0
PODXL2	0
POFUT1	0
POLA1	11
POLA2	1
POLB	0
POLD1	4
POLD2	20
POLD3	6
POLD4	1
POLDIP3	0
POLE	0
POLE2	89
POLE3	0
POLE4	0
POLG	0
POLG2	0
POLH	0
POLI	2
POLL	0
POLR1A	0
POLR1B	0
POLR1C	0
POLR1D	4
POLR1E	1
POLR2A	0
POLR2B	0
POLR2C	0
POLR2D	2
POLR2E	0
POLR2F	0
POLR2G	0
POLR2H	3
POLR2I	1
POLR2J	0
POLR2K	1
POLR2L	0
POLR3A	0
POLR3B	0
POLR3D	0
POLR3E	0
POLR3F	0
POLR3G	0
POLR3H	0
POLR3K	0
POLRMT	0
POM121	0
POMC	0
POMP	0
POMT1	0
POMT2	0
PON1	0
POP4	0
POP5	0
POP7	0
POR	0
PORCN	0
POT1	2
POU1F1	0
POU2AF1	2
POU2F1	1
POU2F2	0
POU2F3	0
POU3F1	0
POU3F2	0
POU3F3	0
POU3F4	0
POU4F1	4
POU4F2	0
POU4F3	0
POU5F1	0
POU6F2	0
PPAN	0
PPAP2B	0
PPARA	0
PPARD	0
PPARG	5
PPARGC1A	1
PPARGC1B	0
PPAT	0
PPBP	4
PPEF1	0
PPFIA1	0
PPFIA2	13
PPFIA3	0
PPFIBP1	0
PPFIBP2	0
PPHLN1	0
PPIA	0
PPIAL4	0
PPIAL4B	0
PPIB	105
PPIC	89
PPID	0
PPIE	0
PPIF	0
PPIG	0
PPIH	0
PPIL1	0
PPIL2	0
PPIL3	0
PPL	16
PPM1A	0
PPM1B	0
PPM1D	7
PPM1F	0
PPP1CA	0
PPP1CB	9
PPP1CC	0
PPP1R12A	1
PPP1R12B	0
PPP1R13B	0
PPP1R13L	2
PPP1R14A	0
PPP1R15A	1
PPP1R1A	104
PPP1R1B	0
PPP1R2	0
PPP1R3A	0
PPP1R3B	0
PPP1R3C	9
PPP1R3D	0
PPP1R7	5
PPP1R8	0
PPP1R9A	0
PPP1R9B	0
PPP2CA	1
PPP2CB	0
PPP2R1A	5
PPP2R1B	0
PPP2R2A	0
PPP2R2B	0
PPP2R2C	0
PPP2R2D	0
PPP2R3A	0
PPP2R3B	0
PPP2R4	0
PPP2R5A	0
PPP2R5B	0
PPP2R5C	0
PPP2R5D	0
PPP2R5E	0
PPP3CA	62
PPP3CB	3
PPP3CC	0
PPP3R1	27
PPP3R2	0
PPP4C	6
PPP5C	0
PPP6C	0
PPRC1	0
PPT1	0
PPY	0
PPYR1	0
PQBP1	0
PRAF2	0
PRAM1	0
PRC1	25
PRCC	0
PRCP	1
PRDM1	0
PRDM2	0
PRDM4	0
PRDM5	0
PRDM7	0
PRDM9	0
PRDX1	0
PRDX2	1
PRDX3	1
PRDX4	4
PRDX6	0
PREB	0
PRELP	0
PREP	0
PREPL	0
PREX1	0
PREY	0
PRF1	4
PRG2	0
PRIC285	0
PRICKLE1	0
PRICKLE2	0
PRICKLE3	0
PRIM1	35
PRIM2	0
PRKAA1	1
PRKAA2	0
PRKAB1	1
PRKAB2	0
PRKACA	0
PRKACB	33
PRKACG	0
PRKAG1	0
PRKAG2	1
PRKAG3	0
PRKAR1A	0
PRKAR1B	0
PRKAR2A	0
PRKAR2B	65
PRKCA	0
PRKCB	0
PRKCD	1
PRKCE	0
PRKCG	0
PRKCH	3
PRKCI	0
PRKCQ	0
PRKCZ	0
PRKD1	81
PRKD2	4
PRKD3	27
PRKDC	22
PRKG1	0
PRKG2	0
PRKRA	0
PRKRIR	0
PRKX	16
PRKY	0
PRL	1
PRLH	0
PRLHR	0
PRLR	0
PRM1	0
PRMT1	0
PRMT2	0
PRMT3	0
PRMT5	0
PRMT6	0
PRMT8	0
PRNP	16
PROC	0
PROP1	0
PROS1	82
PROX1	0
PROZ	0
PRPF18	0
PRPF19	0
PRPF3	0
PRPF4	1
PRPF40A	0
PRPF4B	3
PRPF6	0
PRPF8	0
PRPH	9
PRPH2	0
PRPS1	0
PRPS1L1	0
PRPS2	0
PRPSAP1	0
PRPSAP2	0
PRRG1	0
PRRX1	4
PRRX2	0
PRSS1	1
PRSS2	0
PRSS3	105
PRSS7	0
PRTFDC1	0
PRTN3	0
PRX	0
PSAP	0
PSEN1	0
PSEN2	0
PSENEN	0
PSG1	0
PSG2	0
PSG4	0
PSG6	0
PSG9	0
PSIP1	1
PSMA1	1
PSMA2	2
PSMA3	1
PSMA4	0
PSMA5	1
PSMA6	0
PSMA7	0
PSMA8	0
PSMB1	1
PSMB10	4
PSMB11	0
PSMB2	0
PSMB3	1
PSMB4	0
PSMB5	0
PSMB6	0
PSMB7	1
PSMB8	161
PSMB9	178
PSMC1	0
PSMC2	0
PSMC3	0
PSMC3IP	0
PSMC4	0
PSMC5	2
PSMC6	0
PSMD1	2
PSMD10	0
PSMD11	2
PSMD12	0
PSMD13	0
PSMD14	0
PSMD2	1
PSMD3	0
PSMD4	0
PSMD5	0
PSMD6	0
PSMD7	0
PSMD8	1
PSMD9	1
PSME1	1
PSME2	7
PSME3	0
PSMF1	0
PSORS1C2	0
PSPC1	0
PSTPIP1	0
PTAFR	0
PTBP1	131
PTBP2	0
PTCH1	3
PTCH2	0
PTCRA	0
PTEN	2
PTENP1	0
PTF1A	0
PTGDR	0
PTGDS	2
PTGDS2	0
PTGER1	0
PTGER2	0
PTGER3	0
PTGES	0
PTGES2	0
PTGES3	0
PTGFR	1
PTGFRN	0
PTGIR	0
PTGIS	0
PTGS1	6
PTGS2	1
PTH	0
PTH1R	0
PTH2R	0
PTHLH	4
PTK2	1
PTK2B	0
PTK6	0
PTMA	0
PTN	16
PTOV1	0
PTP4A1	3
PTP4A2	0
PTP4A3	3
PTPMT1	0
PTPN1	0
PTPN11	0
PTPN12	0
PTPN13	7
PTPN14	0
PTPN18	0
PTPN2	0
PTPN21	0
PTPN22	0
PTPN3	0
PTPN4	3
PTPN5	0
PTPN6	11
PTPN7	1
PTPRA	1
PTPRB	3
PTPRC	109
PTPRCAP	3
PTPRD	6
PTPRE	3
PTPRF	1
PTPRH	0
PTPRJ	0
PTPRK	0
PTPRM	0
PTPRN	2
PTPRN2	0
PTPRO	1
PTPRR	11
PTPRS	0
PTPRT	0
PTPRU	0
PTPRZ1	20
PTRF	15
PTS	0
PTTG1	68
PTTG2	0
PTX3	62
PUF60	0
PUM2	0
PURA	1
PURB	0
PVR	0
PVRL1	0
PVRL2	0
PVRL3	0
PVRL4	0
PWP1	0
PXDN	1
PXMP3	0
PXN	0
PYCARD	58
PYGB	1
PYGL	27
PYGM	1
PYGO1	0
PYGO2	0
PYROXD1	1
PYY	0
PZP	0
QARS	1
QDPR	1
QKI	1
QRFP	0
QRFPR	0
QSK	0
RAB10	0
RAB11A	0
RAB11B	1
RAB11FIP1	0
RAB11FIP2	3
RAB11FIP3	0
RAB11FIP4	0
RAB11FIP5	2
RAB13	20
RAB14	0
RAB15	83
RAB17	0
RAB18	0
RAB1A	0
RAB1B	0
RAB1C	0
RAB22A	0
RAB23	2
RAB25	21
RAB26	51
RAB27A	40
RAB27B	0
RAB2A	0
RAB31	0
RAB32	0
RAB33B	0
RAB34	0
RAB35	0
RAB36	0
RAB37	0
RAB39	0
RAB3A	211
RAB3B	0
RAB3C	0
RAB3D	0
RAB3GAP1	0
RAB3GAP2	0
RAB3IP	0
RAB41	0
RAB4A	0
RAB4B	0
RAB5A	0
RAB5B	0
RAB5C	0
RAB6A	0
RAB6B	43
RAB6C	0
RAB7A	0
RAB8A	22
RAB8B	1
RAB9A	1
RAB9B	0
RABEP1	0
RABEPK	0
RABGEF1	0
RABGGTA	0
RABGGTB	0
RABIF	1
RAC1	0
RAC2	10
RAC3	0
RACGAP1	30
RAD1	2
RAD17	0
RAD18	0
RAD21	0
RAD23A	0
RAD23B	0
RAD50	0
RAD51	0
RAD51AP1	0
RAD51C	0
RAD51L1	0
RAD51L3	0
RAD52	0
RAD54B	0
RAD54L	2
RAD9A	1
RAD9B	0
RAE1	0
RAET1E	0
RAET1G	0
RAF1	1
RAG1	0
RAG2	0
RAGE	0
RAI14	0
RALA	17
RALB	0
RALBP1	1
RALGDS	0
RALY	0
RALYL	0
RAMP1	1
RAMP2	0
RAMP3	4
RAN	1
RANBP1	0
RANBP10	0
RANBP2	1
RANBP3	0
RANBP6	0
RANBP9	0
RANGAP1	0
RANP1	0
RAP1A	0
RAP1B	0
RAP1GAP	100
RAP2A	9
RAP2B	2
RAP2C	0
RAPGEF1	0
RAPGEF2	10
RAPGEF3	0
RAPGEF4	15
RAPGEF5	16
RAPGEF6	0
RAPH1	0
RAPSN	0
RAPTOR	0
RARA	0
RARB	0
RARG	0
RARRES3	1
RARS	0
RASA1	4
RASA2	0
RASA3	0
RASAL2	0
RASD1	0
RASD2	0
RASGRF1	2
RASGRF2	0
RASGRP1	1
RASGRP2	0
RASGRP3	0
RASGRP4	0
RASIP1	1
RASSF1	0
RASSF2	0
RASSF4	0
RASSF5	0
RAVER1	0
RAVER2	0
RAX	0
RB1	1
RB1CC1	0
RBAK	0
RBBP4	80
RBBP5	0
RBBP7	0
RBBP8	125
RBCK1	1
RBKS	0
RBL1	0
RBL2	0
RBM10	0
RBM14	0
RBM17	0
RBM22	0
RBM23	0
RBM24	0
RBM25	0
RBM28	0
RBM39	0
RBM4	0
RBM41	0
RBM42	0
RBM4B	0
RBM5	0
RBM7	0
RBM8A	0
RBM9	0
RBMX	0
RBMY1A1	0
RBP1	4
RBP2	0
RBP4	0
RBPJ	0
RBPJL	0
RBPMS	1
RBPSUHL	0
RBX1	0
RCAN1	21
RCC1	0
RCC2	0
RCHY1	1
RCN2	0
RCOR1	2
RCOR3	0
RCVRN	0
RDBP	0
RDH10	0
RDH5	0
RDX	63
REC8	1
RECK	0
RECQL	1
RECQL4	0
RECQL5	0
REEP5	0
REG1A	0
REG3A	0
REL	0
RELA	4
RELB	0
RELN	95
REM1	0
REN	0
RENBP	0
REPS2	0
RERE	0
RESDA1	0
REST	0
RET	1
REV1	0
REV3L	2
REXO2	0
REXO4	0
RFC1	1
RFC2	52
RFC3	19
RFC4	82
RFC5	33
RFFL	0
RFNG	0
RFWD2	0
RFX1	0
RFX2	0
RFX3	0
RFX4	0
RFX5	0
RFX6	0
RFXANK	0
RFXAP	0
RG9MTD1	0
RGL1	8
RGL2	0
RGL3	0
RGL4	0
RGMA	0
RGMB	0
RGPD5	0
RGR	0
RGS1	42
RGS10	1
RGS11	0
RGS12	0
RGS13	2
RGS14	0
RGS16	8
RGS17	3
RGS18	0
RGS19	1
RGS2	2
RGS20	9
RGS3	0
RGS4	50
RGS5	1
RGS6	0
RGS7	4
RGS8	0
RGS9	0
RHAG	0
RHEB	0
RHO	0
RHOA	0
RHOB	21
RHOBTB1	4
RHOBTB2	0
RHOC	105
RHOD	8
RHOF	1
RHOG	3
RHOH	7
RHOJ	0
RHOQ	0
RHOT1	0
RHOT2	0
RHOU	0
RHOV	0
RHOXF2	0
RHPN1	0
RHPN2	0
RIC8A	0
RICH2	11
RICS	12
RICTOR	0
RIF1	1
RILP	0
RIMS1	0
RIMS2	169
RIN1	0
RIN2	0
RIN3	0
RING1	0
RINT1	1
RIOK3	0
RIPK1	9
RIPK2	0
RIPK3	0
RIPK4	0
RIPK5	0
RIT1	15
RIT2	17
RLBP1	0
RLN1	0
RMI1	11
RMI2	0
RMP	0
RNASE1	0
RNASE2	0
RNASE3	0
RNASE4	10
RNASE6	87
RNASEL	0
RNASEN	0
RND1	0
RND2	0
RND3	9
RNF11	2
RNF111	0
RNF12	0
RNF123	0
RNF128	0
RNF13	0
RNF139	0
RNF14	0
RNF167	0
RNF19A	0
RNF2	0
RNF25	0
RNF34	1
RNF4	0
RNF40	0
RNF41	0
RNF5	0
RNF8	0
RNGTT	0
RNH1	0
RNMT	0
RNPEPL1	0
RNPS1	0
ROBLD3	0
ROBO1	4
ROBO2	0
ROBO3	1
ROBO4	0
ROCK1	1
ROCK2	0
ROD1	0
ROM1	0
ROPN1	0
ROPN1B	0
ROR1	0
ROR2	0
RORA	2
RORB	0
RORC	0
ROS1	0
RP11-631M21.2	0
RP2	4
RP9	0
RPA1	5
RPA2	4
RPA3	28
RPA4	0
RPE65	0
RPGR	0
RPGRIP1	0
RPH3A	154
RPH3AL	0
RPL10	0
RPL10A	0
RPL11	0
RPL12	0
RPL13	0
RPL13A	0
RPL14	0
RPL15	0
RPL17	0
RPL18	0
RPL18A	0
RPL19	0
RPL21	0
RPL22	0
RPL23	0
RPL23A	0
RPL24	0
RPL26	0
RPL26L1	0
RPL27	0
RPL27A	0
RPL28	0
RPL29	0
RPL3	0
RPL30	0
RPL31	1
RPL32	0
RPL34	0
RPL35	0
RPL35A	0
RPL36	0
RPL36A	0
RPL36AL	0
RPL37	0
RPL37A	0
RPL38	0
RPL39	0
RPL3L	0
RPL4	0
RPL41	0
RPL5	0
RPL6	0
RPL7	0
RPL7A	0
RPL8	0
RPL9	0
RPLP0	0
RPLP1	0
RPLP2	0
RPN1	71
RPN2	2
RPP14	0
RPP21	0
RPP25	0
RPP30	0
RPP38	0
RPP40	0
RPRM	7
RPS10	0
RPS11	0
RPS12	0
RPS13	0
RPS14	0
RPS15	0
RPS15A	0
RPS16	0
RPS17	0
RPS18	0
RPS19	0
RPS2	0
RPS20	0
RPS21	0
RPS23	0
RPS24	0
RPS25	0
RPS26	0
RPS27	0
RPS27A	0
RPS28	0
RPS29	0
RPS3	0
RPS3A	0
RPS4X	0
RPS4Y1	0
RPS5	0
RPS6	0
RPS6KA1	3
RPS6KA2	7
RPS6KA3	0
RPS6KA4	0
RPS6KA5	0
RPS6KA6	0
RPS6KB1	0
RPS6KB2	0
RPS7	0
RPS8	0
RPS9	0
RPSA	0
RQCD1	0
RRAD	0
RRAGA	1
RRAGC	0
RRAS	8
RRAS2	4
RREB1	0
RRH	0
RRM1	49
RRM2	144
RRM2B	0
RRN3	0
RRP9	0
RS1	0
RSBN1	0
RSF1	0
RSL1D1	0
RSRC1	0
RSU1	0
RTKN	0
RTN1	1
RTN2	0
RTN4	0
RTN4R	0
RTN4RL1	0
RUFY1	0
RUNDC3A	11
RUNX1	0
RUNX1T1	0
RUNX2	0
RUNX3	0
RUVBL1	16
RUVBL2	0
RXFP1	0
RXFP2	0
RXRA	0
RXRB	0
RXRG	2
RYBP	0
RYK	0
RYR1	0
RYR2	141
RYR3	35
S100A1	64
S100A10	120
S100A11	144
S100A12	5
S100A13	0
S100A14	0
S100A16	0
S100A2	9
S100A4	119
S100A6	57
S100A7	8
S100A8	54
S100A9	48
S100B	34
S100P	22
S100Z	0
S1PR1	0
S1PR2	0
S1PR3	0
S1PR4	0
S1PR5	0
SAA1	0
SAE1	0
SAFB	0
SAFB2	0
SAG	0
SALL1	4
SALL2	2
SAP18	0
SAP25	0
SAP30	0
SAP30BP	0
SAR1A	0
SAR1B	9
SART1	0
SART3	0
SASS6	0
SAT1	0
SAT2	0
SATB1	18
SAV1	0
SBF1	0
SCAMP1	0
SCAMP2	0
SCAMP3	0
SCAND1	0
SCAP	0
SCARB1	0
SCARB2	0
SCARF1	0
SCARF2	0
SCD	0
SCD5	0
SCEL	1
SCFD1	0
SCG2	8
SCG3	10
SCGB1A1	1
SCGB1D1	0
SCGB1D2	0
SCGB2A1	0
SCGB2A2	0
SCIN	9
SCMH1	0
SCML2	0
SCN1B	9
SCN2A	0
SCN2B	0
SCN4A	0
SCN4B	0
SCN5A	0
SCN8A	0
SCNN1A	1
SCNN1B	0
SCNN1D	0
SCNN1G	0
SCO1	0
SCO2	0
SCP2	0
SCUBE1	0
SCUBE2	0
SCUBE3	0
SCYE1	8
SDC1	32
SDC2	11
SDC3	35
SDC4	17
SDCBP	0
SDCBP2	0
SDCCAG8	5
SDHA	0
SDHB	1
SDHC	0
SDHD	0
SDS	0
SEC11A	1
SEC11C	0
SEC13	0
SEC14L3	0
SEC16A	0
SEC22B	0
SEC23A	0
SEC23B	0
SEC23IP	0
SEC24A	3
SEC24B	0
SEC24C	0
SEC24D	0
SEC31A	0
SEC31B	0
SEC61A1	36
SEC61A2	12
SEC61B	0
SEC61G	23
SEC62	0
SEC63	0
SECTM1	0
SEH1L	0
SEL1L	0
SELE	1
SELL	45
SELP	1
SELPLG	0
SELS	0
SEMA3A	1
SEMA3B	0
SEMA3C	0
SEMA3D	0
SEMA3E	0
SEMA3F	0
SEMA3G	0
SEMA4A	2
SEMA4B	0
SEMA4C	0
SEMA4D	0
SEMA4F	0
SEMA4G	0
SEMA6A	0
SEMA6B	0
SEMA6C	0
SEMA6D	0
SEMA7A	0
SEMG1	0
SEMG2	0
SENP1	0
SENP2	1
SENP3	0
SENP6	0
SENP8	0
SEP15	0
SEPT1	0
SEPT10	2
SEPT11	0
SEPT13	0
SEPT14	0
SEPT2	1
SEPT4	1
SEPT5	0
SEPT6	1
SEPT7	0
SEPT8	0
SEPT9	0
SERBP1	1
SERGEF	0
SERINC1	1
SERPINA1	79
SERPINA10	0
SERPINA4	0
SERPINA5	8
SERPINB1	0
SERPINB12	0
SERPINB13	0
SERPINB2	7
SERPINB3	0
SERPINB4	0
SERPINB5	10
SERPINB6	8
SERPINB8	0
SERPINB9	0
SERPINC1	0
SERPIND1	1
SERPINE1	102
SERPINE2	6
SERPINF1	0
SERPINF2	0
SERPING1	88
SERPINI1	2
SERTAD1	0
SERTAD3	0
SESN1	0
SESN2	0
SESN3	0
SET	0
SETD1A	0
SETD2	0
SETD7	0
SETD8	0
SETDB1	0
SETMAR	0
SF1	0
SF3A1	0
SF3A2	3
SF3A3	0
SF3B1	0
SF3B14	0
SF3B2	0
SF3B3	0
SF3B4	3
SF3B5	0
SF4	0
SFI1	0
SFMBT1	0
SFN	26
SFPQ	0
SFRP1	3
SFRP2	0
SFRP4	13
SFRP5	0
SFRS1	3
SFRS10	1
SFRS11	1
SFRS12	37
SFRS17A	0
SFRS2	0
SFRS2B	0
SFRS2IP	0
SFRS3	0
SFRS4	0
SFRS5	0
SFRS6	0
SFRS7	0
SFRS8	0
SFRS9	3
SFTPA1	0
SFTPA2	0
SFTPB	0
SFTPC	0
SFTPD	2
SGCA	0
SGCB	0
SGCD	0
SGCE	0
SGCG	2
SGCZ	0
SGK1	0
SGK2	0
SGK3	0
SGMS1	0
SGOL1	0
SGOL2	0
SGTA	0
SH2B1	0
SH2B2	0
SH2B3	1
SH2D1A	0
SH2D1B	0
SH2D2A	0
SH2D3A	0
SH2D3C	0
SH2D4A	0
SH3BGRL	1
SH3BP1	0
SH3BP2	0
SH3BP5	5
SH3GL1	1
SH3GL2	241
SH3GL3	12
SH3GLB1	16
SH3GLB2	3
SH3KBP1	0
SH3PXD2A	0
SHANK1	0
SHANK2	0
SHANK3	0
SHB	0
SHC1	36
SHC2	0
SHC3	44
SHC4	0
SHD	0
SHE	0
SHFM1	0
SHH	0
SHISA5	0
SHMT2	1
SHOC2	0
SHPRH	0
SHROOM2	0
SI	0
SIAH1	0
SIAH2	1
SIGIRR	0
SIGLEC1	0
SIGLEC10	0
SIGLEC11	0
SIGLEC5	0
SIGLEC7	0
SIGLEC9	0
SIM1	0
SIM2	1
SIN3A	0
SIN3B	0
SIP1	0
SIPA1	0
SIPA1L1	0
SIRPA	0
SIRPG	0
SIRT1	0
SIRT2	0
SIRT3	0
SIRT6	0
SIT1	0
SIVA1	5
SIX1	2
SIX2	1
SIX3	2
SIX4	0
SIX5	0
SIX6	1
SKA1	0
SKAP1	0
SKAP2	0
SKI	0
SKIL	0
SKIP	0
SKIV2L2	0
SKP1	0
SKP2	1
SLA	29
SLA2	0
SLAMF1	0
SLBP	0
SLC10A1	0
SLC10A2	0
SLC11A1	0
SLC12A2	0
SLC12A3	0
SLC12A4	0
SLC15A2	0
SLC16A1	1
SLC16A3	0
SLC16A7	0
SLC16A8	0
SLC17A3	0
SLC17A7	242
SLC18A2	0
SLC18A3	0
SLC19A1	0
SLC1A1	0
SLC1A2	3
SLC1A3	1
SLC1A6	0
SLC20A1	0
SLC22A4	0
SLC22A5	0
SLC23A1	0
SLC24A1	0
SLC25A1	4
SLC25A10	0
SLC25A11	0
SLC25A12	0
SLC25A13	0
SLC25A17	0
SLC25A18	0
SLC25A21	0
SLC25A22	1
SLC25A3	0
SLC25A31	0
SLC25A36	0
SLC25A37	0
SLC25A4	4
SLC25A40	0
SLC25A5	0
SLC25A6	0
SLC26A3	0
SLC26A8	0
SLC27A1	0
SLC27A4	0
SLC2A1	0
SLC2A14	0
SLC2A2	0
SLC2A4	0
SLC30A3	1
SLC30A5	0
SLC30A6	0
SLC30A7	0
SLC33A1	0
SLC34A1	0
SLC34A2	0
SLC38A6	2
SLC39A6	0
SLC3A1	0
SLC3A2	1
SLC40A1	0
SLC4A1	0
SLC4A2	0
SLC4A3	3
SLC4A4	0
SLC4A7	0
SLC5A1	0
SLC5A5	0
SLC6A1	86
SLC6A2	0
SLC6A3	0
SLC6A4	2
SLC6A5	0
SLC6A6	0
SLC6A9	3
SLC7A10	0
SLC7A11	0
SLC7A5	0
SLC7A6	0
SLC7A7	0
SLC7A8	0
SLC7A9	0
SLC8A1	0
SLC9A1	0
SLC9A3	0
SLC9A3R1	3
SLC9A3R2	0
SLC9A3R2 VARIANT PROTEIN	0
SLCO1A2	0
SLCO1B1	0
SLCO1B3	0
SLCO1C1	0
SLCO3A1	0
SLIT1	1
SLIT2	15
SLIT3	0
SLK	0
SLN	2
SLPI	1
SLTM	0
SLU7	0
SMAD1	70
SMAD2	0
SMAD3	0
SMAD4	127
SMAD5	1
SMAD6	0
SMAD7	2
SMAD9	0
SMARCA1	0
SMARCA2	0
SMARCA4	2
SMARCA5	11
SMARCAL1	0
SMARCB1	0
SMARCC1	9
SMARCC2	1
SMARCD1	0
SMARCD2	10
SMARCD3	20
SMARCE1	0
SMC1A	0
SMC1B	0
SMC2	19
SMC3	4
SMC4	36
SMC5	0
SMC6	0
SMG1	0
SMG5	0
SMG6	0
SMG7	0
SMN1	0
SMNDC1	0
SMO	0
SMPD1	0
SMPD2	0
SMPD3	0
SMR3B	0
SMS	13
SMTN	1
SMUG1	0
SMURF1	0
SMURF2	0
SMYD1	0
SNAI1	0
SNAI2	73
SNAI3	0
SNAP23	8
SNAP25	237
SNAP29	0
SNAPC1	2
SNAPC2	0
SNAPC3	0
SNAPC4	0
SNAPC5	0
SNAPIN	0
SNCA	72
SNCAIP	4
SNCB	18
SND1	0
SNF1LK	2
SNF1LK2	0
SNF8	0
SNIP1	0
SNPH	7
SNRK	0
SNRNP200	0
SNRNP25	0
SNRNP40	0
SNRNP70	0
SNRPA	0
SNRPA1	0
SNRPB	3
SNRPB2	0
SNRPC	0
SNRPD1	0
SNRPD2	0
SNRPD3	0
SNRPE	4
SNRPF	0
SNRPG	4
SNRPN	0
SNTA1	0
SNTB1	0
SNTB2	0
SNUPN	0
SNURF	0
SNW1	0
SNX1	0
SNX13	0
SNX15	0
SNX17	1
SNX2	0
SNX26	0
SNX3	0
SNX32	0
SNX4	0
SNX5	0
SNX6	0
SNX9	0
SOCS1	0
SOCS2	46
SOCS3	0
SOCS4	0
SOCS5	0
SOCS6	0
SOCS7	0
SOD1	0
SOD2	1
SOD3	0
SOHLH2	0
SON	0
SORBS1	0
SORBS3	0
SORCS3	0
SORL1	0
SORT1	0
SOS1	0
SOS2	0
SOSTDC1	3
SOX1	0
SOX10	0
SOX11	2
SOX15	0
SOX17	0
SOX18	0
SOX2	1
SOX3	0
SOX5	0
SOX6	0
SOX7	0
SOX8	0
SOX9	3
SP1	0
SP100	3
SP110	18
SP140	1
SP2	0
SP3	86
SP4	0
SP6	0
SP7	0
SP8	0
SPA17	0
SPAG16	1
SPAG4	0
SPAG5	1
SPAG6	0
SPAG9	0
SPARC	66
SPARCL1	3
SPATA2	0
SPATA5	0
SPATA5L1	0
SPC18	0
SPC24	0
SPC25	18
SPCS1	0
SPCS2	0
SPCS3	10
SPDEF	0
SPDYA	0
SPEN	0
SPG20	0
SPG7	0
SPHK1	6
SPHK2	0
SPHKAP	0
SPI1	8
SPIB	0
SPIC	0
SPINK1	0
SPINT1	6
SPINT2	1
SPN	0
SPOCK2	0
SPOCK3	0
SPON1	6
SPOP	0
SPP1	130
SPRED1	0
SPRED2	0
SPRR1A	0
SPRR1B	0
SPRR2A	0
SPRR3	3
SPRY1	128
SPRY2	17
SPRY3	0
SPRY4	57
SPSB1	0
SPTA1	0
SPTAN1	3
SPTB	0
SPTBN1	0
SPTBN2	0
SPTBN4	0
SPTBN5	0
SPTLC1	0
SPTLC2	0
SPTLC3	0
SQSTM1	0
SR140	0
SRA1	0
SRC	0
SRCAP	0
SREBF1	0
SREBF2	0
SRF	0
SRGAP1	0
SRGAP2	0
SRGAP3	3
SRGN	86
SRI	1
SRM	0
SRMS	0
SRP14	0
SRP19	0
SRP54	0
SRP68	0
SRP72	0
SRP9	0
SRPK1	1
SRPK2	0
SRPK3	0
SRPR	0
SRPRB	0
SRPX	4
SRR	0
SRRM1	0
SRRM2	0
SRY	0
SS18	0
SSB	1
SSBP1	0
SSBP2	0
SSBP3	0
SSBP4	0
SSH1	0
SSH2	0
SSH3	0
SSNA1	0
SSPN	0
SSR1	35
SSR2	7
SSR3	34
SSR4	0
SSRP1	2
SSSCA1	0
SST	30
SSTR1	0
SSTR2	0
SSTR3	0
SSTR4	0
SSTR5	0
SSU72	0
SSX1	0
SSX2IP	0
SSX4	0
ST13	0
ST14	5
ST6GAL1	0
ST8SIA2	0
ST8SIA3	0
ST8SIA4	0
STAB1	1
STAG1	1
STAG2	9
STAM	4
STAM2	0
STAMBP	0
STAP1	0
STAR	0
STARD13	1
STARD5	0
STARD8	0
STAT1	21
STAT2	0
STAT3	16
STAT4	114
STAT5A	0
STAT5B	0
STAT6	0
STAU1	0
STEAP3	27
STIL	3
STIM1	0
STIM2	0
STIP1	0
STK10	0
STK11	0
STK16	0
STK17A	14
STK17B	1
STK24	0
STK25	0
STK3	0
STK35	0
STK36	0
STK38	0
STK38L	1
STK39	0
STK4	0
STM7	0
STMN1	0
STMN2	9
STMN3	0
STOML3	0
STON1	4
STON2	0
STRA13	0
STRADA	0
STRADB	0
STRAP	0
STRBP	0
STRN	0
STRN3	0
STRN4	1
STT3A	44
STT3B	0
STUB1	0
STX10	1
STX11	1
STX12	3
STX16	0
STX17	0
STX18	0
STX1A	240
STX1B	0
STX1C	0
STX2	0
STX3	0
STX4	0
STX5	0
STX6	0
STX7	0
STX8	0
STXBP1	236
STXBP2	2
STXBP3	0
STXBP4	0
STXBP5	0
STXBP6	108
SUB1	0
SUCLA2	0
SUCLG1	0
SUCLG2	0
SUDS3	0
SUFU	0
SUGT1	0
SULT1A1	7
SULT1A2	0
SULT1A3	0
SULT1E1	0
SULT2B1	0
SUMO1	0
SUMO2	0
SUMO3	0
SUMO4	0
SUPT16H	0
SUPT3H	0
SUPT4H1	0
SUPT5H	0
SUPT7L	0
SURF1	0
SURF2	0
SUV39H1	0
SUV39H2	0
SUZ12	0
SV2A	11
SV2B	39
SV2C	2
SVEP1	0
SVIL	0
SYCP3	0
SYDE1	0
SYDE2	0
SYK	34
SYMPK	0
SYN1	251
SYN2	249
SYN3	0
SYNCRIP	4
SYNGAP1	0
SYNJ1	26
SYNJ2	0
SYNJ2BP	0
SYNM	0
SYP	1
SYT1	240
SYT14	0
SYT16	0
SYT2	0
SYT3	0
SYT4	0
SYT5	0
SYTL1	0
SYTL2	0
SYTL4	0
SYTL5	0
SYVN1	0
T	0
TAAR1	0
TAAR2	0
TAAR3	0
TAAR5	0
TAAR6	0
TAAR8	0
TAAR9	0
TAC1	4
TAC3	7
TAC4	0
TACC1	0
TACC3	0
TACR1	0
TACR2	0
TACR3	0
TACSTD1	10
TADA2L	0
TADA3L	0
TAF1	0
TAF10	0
TAF11	0
TAF12	11
TAF13	0
TAF15	0
TAF1A	6
TAF1B	1
TAF1C	0
TAF1L	0
TAF2	0
TAF4	0
TAF4B	0
TAF5	1
TAF5L	0
TAF6	0
TAF6L	0
TAF7	0
TAF7L	0
TAF9	1
TAF9B	0
TAGAP	0
TAGLN	41
TAGLN3	38
TAK1	0
TAL1	0
TAL2	0
TALDO1	0
TANK	2
TAOK1	0
TAOK2	0
TAOK3	0
TAP1	32
TAP2	1
TAPBP	0
TARBP2	1
TARDBP	0
TARS	0
TAS1R1	0
TAS1R2	0
TAS1R3	0
TAS2R1	0
TAS2R10	0
TAS2R13	0
TAS2R14	0
TAS2R16	0
TAS2R3	0
TAS2R38	0
TAS2R39	0
TAS2R4	0
TAS2R40	0
TAS2R41	0
TAS2R42	0
TAS2R43	0
TAS2R44	0
TAS2R45	0
TAS2R46	0
TAS2R48	0
TAS2R49	0
TAS2R5	0
TAS2R50	0
TAS2R60	0
TAS2R7	0
TAS2R8	0
TAS2R9	0
TAX1BP1	0
TAX1BP3	0
TBC1D10A	0
TBC1D4	0
TBCA	0
TBCB	0
TBCC	0
TBCD	0
TBCE	0
TBK1	0
TBKBP1	0
TBL1X	0
TBL1XR1	4
TBL1Y	0
TBL3	0
TBP	1
TBPL1	0
TBPL2	0
TBR1	0
TBRG1	0
TBRG4	0
TBX1	0
TBX15	0
TBX18	0
TBX19	0
TBX2	1
TBX20	0
TBX21	0
TBX22	0
TBX3	4
TBX4	0
TBX5	0
TBX6	0
TBXA2R	0
TBXAS1	2
TC4	0
TCAP	0
TCEA1	0
TCEAL1	0
TCEAL2	0
TCEAL4	0
TCEB1	0
TCEB2	0
TCEB3	0
TCEB3B	0
TCEB3C	0
TCERG1	0
TCF12	40
TCF20	0
TCF21	0
TCF3	0
TCF4	3
TCF7	0
TCF7L1	18
TCF7L2	0
TCHH	0
TCIRG1	1
TCL1A	0
TCL1B	0
TCN2	0
TCRA	0
TCRB	0
TCRBV8S1	0
TDG	9
TDGF1	0
TDP1	0
TDRD7	0
TEAD1	0
TEAD2	0
TEAD3	0
TEAD4	0
TEC	0
TEF	0
TEK	0
TENC1	0
TEP1	1
TERF1	0
TERF2	2
TERF2IP	2
TERT	1
TES	0
TESK1	0
TESK2	0
TF	59
TFAM	0
TFAP2A	5
TFAP2B	2
TFAP2C	0
TFB1M	0
TFB2M	1
TFCP2	0
TFDP1	13
TFDP2	3
TFDP3	0
TFE3	0
TFEB	0
TFEC	0
TFF1	0
TFF2	0
TFF3	0
TFG	0
TFIP11	0
TFPI	47
TFPI2	2
TFR2	0
TFRC	9
TG	0
TGFA	0
TGFB1	25
TGFB1I1	40
TGFB2	6
TGFB3	2
TGFBI	21
TGFBR1	0
TGFBR2	4
TGFBR3	2
TGFBRAP1	0
TGIF1	28
TGIF2	0
TGM1	0
TGM2	3
TGM3	0
TGM4	0
TGOLN2	0
TGS1	0
TH	0
TH1L	0
THAP11	0
THAP7	0
THBD	19
THBS1	41
THBS2	20
THBS3	4
THBS4	25
THEG	0
THEM4	0
THOC1	0
THOC2	0
THOC3	0
THOC4	0
THOP1	0
THPO	0
THRA	0
THRAP3	0
THRB	0
THY1	4
TIA1	9
TIAF1	0
TIAL1	0
TIAM1	15
TIAM2	0
TICAM1	0
TICAM2	0
TIE1	3
TIMELESS	41
TIMM10	0
TIMM13	0
TIMM17A	0
TIMM17B	0
TIMM22	0
TIMM23	0
TIMM44	0
TIMM50	0
TIMM8A	0
TIMM8B	0
TIMM9	0
TIMP1	34
TIMP2	0
TIMP3	3
TIMP4	2
TINAGL1	0
TINF2	0
TINP1	0
TIRAP	0
TJP1	0
TJP2	2
TJP3	0
TK1	5
TK2	0
TKT	0
TLE1	0
TLE2	1
TLE3	1
TLE4	0
TLK1	1
TLK2	0
TLL1	0
TLL2	0
TLN1	42
TLN2	13
TLR1	15
TLR10	0
TLR2	35
TLR3	7
TLR4	2
TLR5	6
TLR6	0
TLR7	10
TLR8	1
TLR9	0
TLX1	0
TLX2	0
TLX3	0
TMBIM6	0
TMED1	0
TMED10	0
TMED2	9
TMED3	0
TMED5	0
TMEM123	11
TMEM126B	0
TMEM47	2
TMEM48	0
TMF1	0
TMOD1	21
TMOD4	0
TMPO	21
TMSB10	0
TMSB4X	0
TMSB4Y	0
TMSL3	0
TNC	260
TNF	2
TNFAIP3	23
TNFAIP6	142
TNFAIP8	1
TNFRSF10A	0
TNFRSF10B	4
TNFRSF10C	0
TNFRSF10D	0
TNFRSF11A	0
TNFRSF11B	3
TNFRSF12A	0
TNFRSF13B	0
TNFRSF13C	0
TNFRSF14	1
TNFRSF17	1
TNFRSF18	0
TNFRSF19	0
TNFRSF1A	66
TNFRSF1B	8
TNFRSF21	0
TNFRSF25	0
TNFRSF4	0
TNFRSF6B	0
TNFRSF8	1
TNFRSF9	0
TNFSF10	13
TNFSF11	0
TNFSF12	0
TNFSF13	0
TNFSF13B	0
TNFSF14	1
TNFSF15	0
TNFSF18	0
TNFSF4	1
TNFSF8	0
TNFSF9	0
TNIK	0
TNIP1	4
TNIP2	0
TNK1	0
TNK2	0
TNKS	0
TNKS1BP1	0
TNKS2	0
TNN	1
TNNC1	2
TNNC2	0
TNNI1	0
TNNI2	0
TNNI3	0
TNNT1	17
TNNT2	0
TNNT3	0
TNPO1	0
TNPO2	0
TNPO2 VARIANT PROTEIN	0
TNPO3	0
TNR	0
TNRC4	0
TNS1	0
TNS3	0
TNXB	0
TOB1	0
TOB2	0
TOLLIP	0
TOM1	0
TOM1L1	0
TOMM20	0
TOMM22	0
TOMM34	0
TOMM40	0
TOMM40L	0
TOMM7	0
TOMM70A	0
TOP1	0
TOP1MT	0
TOP2A	142
TOP2B	0
TOP3A	0
TOP3B	0
TOPBP1	0
TOPORS	0
TOR1A	0
TOR1B	0
TOR2A	0
TP53	69
TP53AIP1	0
TP53BP1	0
TP53BP2	1
TP53I3	43
TP53INP1	0
TP53RK	0
TP53TG5	0
TP63	2
TP73	0
TPH1	0
TPH2	0
TPI1	0
TPM1	4
TPM2	13
TPM3	0
TPM4	15
TPO	0
TPR	1
TPSAB1	0
TPSB2	0
TPT1	0
TPTE	0
TPX2	40
TRA1	0
TRA2A	2
TRA@	0
TRAC	0
TRADD	0
TRAF1	1
TRAF2	0
TRAF3	1
TRAF3IP2	0
TRAF3IP3	0
TRAF4	0
TRAF5	1
TRAF6	0
TRAF7	0
TRAIP	0
TRAK1	0
TRAM1	14
TRAM2	25
TRAP1	0
TRAPPC2	0
TRAPPC2L	0
TRAPPC3	0
TRAPPC4	0
TRAPPC6A	0
TRAT1	0
TRBC1	0
TRBV19	0
TRBV3-1	0
TRBV5-4	0
TRDMT1	0
TRDN	0
TREM1	22
TREM2	33
TRERF1	0
TREX2	0
TRGV3	0
TRH	0
TRHR	0
TRIB1	0
TRIB3	9
TRIM2	0
TRIM21	0
TRIM22	78
TRIM23	0
TRIM24	5
TRIM26	0
TRIM27	0
TRIM28	6
TRIM29	6
TRIM3	0
TRIM33	0
TRIM37	2
TRIM38	0
TRIM5	0
TRIM54	0
TRIM55	0
TRIM63	0
TRIM71	0
TRIO	0
TRIP10	3
TRIP11	0
TRIP12	0
TRIP4	0
TRIP6	15
TRM61	0
TRMT6	0
TRO	0
TROAP	2
TROVE2	0
TRPC1	0
TRPC3	0
TRPC4	0
TRPC4AP	0
TRPC5	0
TRPC6	0
TRPC7	0
TRPM2	0
TRPM5	0
TRPM6	0
TRPM7	0
TRPS1	0
TRPV1	0
TRPV2	0
TRPV4	0
TRPV5	0
TRPV6	0
TRRAP	12
TSC1	1
TSC2	0
TSC22D1	1
TSC22D3	0
TSC22D4	0
TSEN15	0
TSEN2	0
TSEN34	0
TSEN54	0
TSFM	0
TSG101	0
TSGA14	0
TSHB	0
TSHR	3
TSLP	0
TSLPR	0
TSN	0
TSNARE1	0
TSNAX	0
TSPAN4	5
TSPYL2	1
TSR1	0
TSSK1B	0
TSSK4	0
TST	0
TSTA3	0
TTBK1	0
TTC1	0
TTC3	1
TTC37	0
TTF1	0
TTF2	3
TTK	160
TTN	0
TTR	1
TTRAP	0
TUB	0
TUBA1A	3
TUBA1B	0
TUBA1C	0
TUBA3C	0
TUBA3E	0
TUBA4A	89
TUBA4B	0
TUBA8	0
TUBAL3	0
TUBB	1
TUBB1	0
TUBB2A	15
TUBB2B	14
TUBB2C	0
TUBB3	11
TUBB4	98
TUBB4Q	0
TUBB6	52
TUBB8	0
TUBG1	1
TUBG2	12
TUBGCP2	0
TUBGCP3	0
TUBGCP4	0
TUBGCP5	0
TUBGCP6	0
TUFM	0
TUFT1	0
TULP1	0
TULP2	0
TULP4	0
TWF1	0
TWIST1	15
TWIST2	0
TWSG1	4
TXK	0
TXN	0
TXN2	0
TXNDC1	6
TXNDC5	2
TXNDC9	0
TXNIP	4
TXNL1	0
TXNL4A	0
TXNL4B	0
TXNRD1	0
TXNRD2	0
TXNRD3	0
TYK2	0
TYMP	0
TYMS	141
TYR	0
TYRO3	0
TYROBP	37
TYRP1	0
U2AF1	0
U2AF1L4	0
U2AF2	0
UACA	0
UBA1	0
UBA2	0
UBA3	0
UBA52	0
UBA7	0
UBAC1	0
UBB	0
UBD	3
UBE2A	0
UBE2B	0
UBE2C	139
UBE2D1	0
UBE2D2	0
UBE2D3	0
UBE2D4	0
UBE2E1	0
UBE2E2	0
UBE2E3	0
UBE2G1	1
UBE2G2	0
UBE2H	0
UBE2I	0
UBE2J1	0
UBE2J2	0
UBE2K	0
UBE2L3	0
UBE2L6	1
UBE2M	0
UBE2N	0
UBE2NL	0
UBE2Q1	0
UBE2R2	0
UBE2S	0
UBE2T	0
UBE2V1	0
UBE2V2	0
UBE2Z	0
UBE3A	0
UBE3B	0
UBE3C	0
UBE4A	0
UBE4B	0
UBL4A	0
UBL7	0
UBLCP1	0
UBOX5	0
UBP1	0
UBQLN1	0
UBQLN2	0
UBQLN4	0
UBR1	0
UBR2	0
UBR5	0
UBTF	0
UBXN1	0
UBXN10	0
UBXN4	0
UBXN6	0
UBXN7	0
UBXN8	0
UCHL1	1
UCHL3	0
UCN	0
UCP1	0
UCP2	43
UCP3	0
UFC1	0
UFD1L	0
UGCG	0
UGCGL1	0
UGT1A1	0
UGT1A10	0
UGT1A3	0
UGT1A4	0
UGT1A5	0
UGT1A6	0
UGT1A9	0
UGT2B11	0
UGT2B15	1
UGT2B17	0
UGT2B4	0
UGT2B7	0
UGT8	0
UHMK1	0
UHRF1	0
UIMC1	0
ULBP1	0
ULBP2	0
ULBP3	0
ULK1	0
ULK2	0
ULK3	0
UMOD	0
UMPS	0
UNC119	0
UNC13A	0
UNC13B	1
UNC13C	0
UNC13D	0
UNC5A	0
UNC5B	0
UNC5C	0
UNC5D	0
UNG	1
UPF1	0
UPF2	0
UPF3A	0
UPF3B	2
UPK1A	0
UPK1B	0
UPK2	0
UPK3A	0
UPP1	12
UQCR	0
UQCR10	0
UQCRB	0
UQCRC1	1
UQCRC2	1
UQCRFS1	1
UQCRH	0
UQCRQ	0
URF-RET	0
UROD	0
UROS	0
USE1	0
USF1	0
USF2	0
USH1C	1
USH1G	0
USH2A	0
USO1	0
USP1	0
USP10	0
USP11	0
USP14	0
USP15	0
USP16	0
USP18	2
USP2	0
USP33	0
USP34	0
USP39	0
USP6	0
USP7	0
USP8	0
USP9X	0
UTF1	0
UTP15	0
UTRN	1
UTS2	0
UTS2R	0
UXT	0
VAC14	0
VAMP1	0
VAMP2	35
VAMP3	1
VAMP4	0
VAMP7	0
VAMP8	133
VANGL1	0
VANGL2	0
VAPA	0
VAPB	0
VARS	0
VASP	0
VAV1	0
VAV2	0
VAV3	28
VBP1	1
VCAM1	178
VCAN	213
VCL	0
VCP	0
VCPIP1	0
VDAC1	1
VDAC2	0
VDAC3	0
VDR	0
VEGFA	163
VEGFB	0
VEGFC	5
VEZT	0
VGF	0
VGLL1	0
VGLL2	0
VGLL4	0
VHL	0
VIL1	0
VIM	29
VIP	10
VIPR1	7
VIPR2	0
VLDLR	2
VPREB1	0
VPREB3	0
VPS11	0
VPS13B	0
VPS13C	0
VPS16	0
VPS18	0
VPS24	0
VPS25	0
VPS26A	0
VPS26B	0
VPS28	0
VPS29	0
VPS33A	0
VPS35	0
VPS36	0
VPS39	0
VPS41	0
VPS45	0
VPS4A	0
VPS4B	0
VPS72	0
VSIG4	55
VSX2	0
VTI1A	0
VTI1B	1
VTN	2
VWA2	0
VWF	15
WAC	0
WAPAL	0
WARS	0
WARS2	0
WAS	0
WASF1	7
WASF2	0
WASF3	1
WASF4	0
WASL	0
WBP11	0
WBP4	0
WBP7	0
WDR12	0
WDR26	0
WDR3	0
WDR36	0
WDR48	0
WDR5	0
WDR5B	2
WDR6	0
WDR77	0
WDSOF1	0
WEE1	69
WEE2	0
WHRN	0
WHSC2	0
WIF1	54
WIPF1	10
WISP1	1
WISP2	2
WNK1	0
WNK2	0
WNK4	0
WNT1	0
WNT10A	0
WNT10B	17
WNT11	0
WNT16	0
WNT2	0
WNT2B	0
WNT3	0
WNT3A	0
WNT4	0
WNT5A	49
WNT5B	0
WNT6	0
WNT7A	0
WNT7B	0
WNT8A	0
WNT8B	0
WNT9A	0
WNT9B	0
WRN	8
WRNIP1	0
WSB1	0
WT1	4
WTAP	0
WTIP	0
WUGSC:H_LUCA15.1	0
WUGSC:H_LUCA16.1	0
WUGSC:H_RG363E19.2	0
WWOX	0
WWP1	0
WWP2	0
WWTR1	1
XAB2	0
XB	0
XBP1	0
XCL1	0
XCL2	0
XCR1	0
XDH	0
XIAP	0
XPA	0
XPC	0
XPNPEP1	0
XPNPEP2	0
XPO1	0
XPO4	0
XPO5	0
XPO6	0
XPO7	0
XPOT	0
XRCC1	0
XRCC2	2
XRCC3	0
XRCC4	0
XRCC5	0
XRCC6	0
XRN1	0
XRN2	0
YAP1	0
YARS	0
YARS2	0
YBX1	10
YEATS4	21
YES1	73
YIF1A	0
YIPF5	0
YKT6	0
YME1L1	0
YTHDC1	0
YWHAB	1
YWHAE	0
YWHAG	0
YWHAH	126
YWHAQ	0
YWHAZ	4
YY1	0
ZAP70	0
ZBTB1	0
ZBTB11	0
ZBTB16	27
ZBTB17	0
ZBTB2	0
ZBTB32	0
ZBTB33	0
ZBTB4	0
ZBTB43	0
ZBTB44	0
ZBTB45	0
ZBTB48	0
ZBTB7A	0
ZBTB8	0
ZC3H11A	1
ZCCHC8	0
ZDHHC17	0
ZDHHC21	0
ZEB1	0
ZEB2	0
ZER1	0
ZFAND5	0
ZFAND6	0
ZFHX3	0
ZFHX4	2
ZFP1	0
ZFP112	0
ZFP14	0
ZFP161	0
ZFP2	0
ZFP28	0
ZFP3	0
ZFP30	1
ZFP36	1
ZFP36L1	1
ZFP36L2	1
ZFP37	13
ZFP62	0
ZFP64	0
ZFP82	0
ZFP90	0
ZFP91	0
ZFP92	0
ZFPM1	0
ZFPM2	2
ZFR	0
ZFYVE16	0
ZFYVE20	0
ZFYVE9	0
ZHX1	0
ZHX2	0
ZHX3	0
ZIC1	15
ZIC2	0
ZIC3	0
ZIC5	0
ZIK1	0
ZIM2	0
ZIM3	0
ZKSCAN2	0
ZKSCAN3	0
ZKSCAN5	0
ZMAT3	4
ZMIZ1	0
ZMIZ2	0
ZMYM2	0
ZMYM3	0
ZMYM4	0
ZMYM6	0
ZMYND11	0
ZNF10	0
ZNF100	0
ZNF101	0
ZNF107	76
ZNF117	1
ZNF12	3
ZNF121	0
ZNF124	6
ZNF132	0
ZNF133	0
ZNF134	0
ZNF135	1
ZNF136	6
ZNF137	0
ZNF138	0
ZNF14	0
ZNF140	56
ZNF141	0
ZNF143	1
ZNF146	4
ZNF148	0
ZNF154	0
ZNF155	0
ZNF157	0
ZNF16	0
ZNF160	0
ZNF165	0
ZNF167	52
ZNF169	0
ZNF17	0
ZNF174	0
ZNF175	0
ZNF177	5
ZNF180	0
ZNF181	0
ZNF182	0
ZNF184	0
ZNF187	0
ZNF189	1
ZNF19	0
ZNF192	0
ZNF193	0
ZNF195	0
ZNF197	0
ZNF2	0
ZNF20	9
ZNF202	0
ZNF205	0
ZNF208	0
ZNF211	1
ZNF212	0
ZNF213	0
ZNF214	0
ZNF217	2
ZNF219	0
ZNF22	8
ZNF221	0
ZNF222	0
ZNF223	0
ZNF224	0
ZNF225	0
ZNF226	4
ZNF227	0
ZNF229	0
ZNF23	0
ZNF230	0
ZNF232	0
ZNF233	0
ZNF234	0
ZNF235	0
ZNF238	0
ZNF239	0
ZNF24	0
ZNF248	0
ZNF25	0
ZNF250	0
ZNF251	0
ZNF252	0
ZNF253	0
ZNF254	0
ZNF256	0
ZNF257	0
ZNF259	0
ZNF26	0
ZNF260	0
ZNF263	0
ZNF264	12
ZNF266	7
ZNF267	1
ZNF268	0
ZNF271	14
ZNF273	4
ZNF274	4
ZNF275	0
ZNF276	0
ZNF28	0
ZNF283	0
ZNF284	0
ZNF285A	0
ZNF286A	0
ZNF287	0
ZNF292	1
ZNF294	0
ZNF295	0
ZNF3	33
ZNF30	0
ZNF300	0
ZNF302	6
ZNF304	0
ZNF311	0
ZNF316	0
ZNF317	0
ZNF318	0
ZNF319	0
ZNF32	0
ZNF320	0
ZNF321	0
ZNF322A	0
ZNF322B	0
ZNF324	0
ZNF324B	0
ZNF329	0
ZNF331	2
ZNF333	0
ZNF334	1
ZNF335	0
ZNF337	0
ZNF33A	0
ZNF33B	0
ZNF34	0
ZNF343	0
ZNF345	0
ZNF347	0
ZNF35	0
ZNF350	0
ZNF354A	0
ZNF354B	0
ZNF354C	0
ZNF358	0
ZNF37A	1
ZNF382	0
ZNF383	0
ZNF385A	0
ZNF391	0
ZNF395	0
ZNF396	0
ZNF397	0
ZNF398	0
ZNF404	0
ZNF408	0
ZNF409	0
ZNF41	0
ZNF410	1
ZNF415	9
ZNF416	0
ZNF417	0
ZNF418	0
ZNF419	0
ZNF420	0
ZNF423	0
ZNF425	0
ZNF426	9
ZNF429	0
ZNF43	15
ZNF430	7
ZNF431	0
ZNF432	7
ZNF433	0
ZNF434	0
ZNF436	0
ZNF439	0
ZNF44	0
ZNF440	0
ZNF441	0
ZNF442	0
ZNF443	0
ZNF444	0
ZNF445	0
ZNF446	0
ZNF45	5
ZNF451	0
ZNF454	0
ZNF460	0
ZNF461	0
ZNF467	0
ZNF468	13
ZNF470	0
ZNF471	0
ZNF473	0
ZNF479	0
ZNF48	0
ZNF480	0
ZNF484	0
ZNF485	0
ZNF486	0
ZNF490	0
ZNF491	0
ZNF492	1
ZNF493	0
ZNF496	0
ZNF497	0
ZNF501	0
ZNF502	0
ZNF506	0
ZNF510	0
ZNF514	0
ZNF517	0
ZNF519	0
ZNF525	0
ZNF527	0
ZNF528	0
ZNF529	0
ZNF530	0
ZNF540	0
ZNF542	0
ZNF543	0
ZNF544	0
ZNF546	0
ZNF547	0
ZNF548	0
ZNF549	0
ZNF550	0
ZNF551	1
ZNF552	0
ZNF554	0
ZNF555	0
ZNF556	0
ZNF557	0
ZNF558	0
ZNF559	0
ZNF56	0
ZNF560	0
ZNF561	0
ZNF562	0
ZNF563	0
ZNF564	0
ZNF565	0
ZNF566	0
ZNF567	0
ZNF568	0
ZNF569	0
ZNF57	0
ZNF570	0
ZNF571	1
ZNF572	0
ZNF573	2
ZNF577	0
ZNF578	0
ZNF580	0
ZNF582	0
ZNF583	0
ZNF584	0
ZNF585A	0
ZNF585B	0
ZNF587	0
ZNF589	0
ZNF592	0
ZNF594	0
ZNF595	0
ZNF596	0
ZNF599	0
ZNF600	0
ZNF605	0
ZNF606	3
ZNF607	0
ZNF610	0
ZNF611	0
ZNF613	0
ZNF614	0
ZNF615	0
ZNF616	0
ZNF619	0
ZNF620	0
ZNF621	0
ZNF623	2
ZNF624	0
ZNF625	0
ZNF626	0
ZNF627	0
ZNF628	0
ZNF629	0
ZNF630	0
ZNF638	1
ZNF639	0
ZNF642	0
ZNF643	0
ZNF646	0
ZNF648	0
ZNF649	0
ZNF652	1
ZNF653	0
ZNF655	0
ZNF658	0
ZNF658B	0
ZNF66	0
ZNF660	0
ZNF662	0
ZNF664	0
ZNF665	4
ZNF667	0
ZNF668	0
ZNF669	0
ZNF670	0
ZNF671	0
ZNF672	0
ZNF674	0
ZNF675	0
ZNF676	0
ZNF677	0
ZNF678	0
ZNF679	0
ZNF680	0
ZNF681	0
ZNF682	0
ZNF684	0
ZNF689	0
ZNF69	0
ZNF696	0
ZNF697	0
ZNF699	0
ZNF7	1
ZNF70	0
ZNF700	0
ZNF701	0
ZNF702	0
ZNF705A	0
ZNF705C	0
ZNF705D	0
ZNF705F	0
ZNF705G	0
ZNF705H	0
ZNF707	0
ZNF708	0
ZNF709	0
ZNF71	0
ZNF713	0
ZNF714	0
ZNF716	0
ZNF717	0
ZNF718	0
ZNF721	0
ZNF73	0
ZNF730	0
ZNF732	0
ZNF733	0
ZNF734	0
ZNF735	0
ZNF737	0
ZNF74	0
ZNF749	0
ZNF76	0
ZNF761	0
ZNF763	0
ZNF764	0
ZNF765	0
ZNF766	0
ZNF768	0
ZNF77	0
ZNF770	0
ZNF771	0
ZNF772	0
ZNF773	0
ZNF774	0
ZNF776	0
ZNF778	0
ZNF780A	0
ZNF780B	0
ZNF782	0
ZNF786	0
ZNF787	0
ZNF788	0
ZNF789	0
ZNF79	0
ZNF790	0
ZNF791	0
ZNF792	0
ZNF793	0
ZNF799	0
ZNF8	0
ZNF80	0
ZNF805	0
ZNF806	0
ZNF808	0
ZNF81	0
ZNF812	0
ZNF813	0
ZNF816A	0
ZNF823	0
ZNF829	0
ZNF83	30
ZNF834	0
ZNF835	0
ZNF836	0
ZNF837	0
ZNF84	2
ZNF840	0
ZNF841	0
ZNF844	0
ZNF845	0
ZNF846	0
ZNF85	0
ZNF860	0
ZNF90	0
ZNF91	17
ZNF92	0
ZNF93	3
ZNF98	0
ZNF99	0
ZNFX1	0
ZNHIT3	0
ZP2	0
ZPBP	0
ZRANB1	0
ZRANB2	0
ZRSR2	0
ZSCAN10	0
ZSCAN12	0
ZSCAN16	0
ZSCAN18	0
ZSCAN2	0
ZSCAN20	0
ZSCAN21	0
ZSCAN22	0
ZSCAN4	0
ZW10	0
ZWILCH	10
ZWINT	117
ZXDA	0
ZXDC	0
ZYG11B	0
ZYX	49
ZZZ3	0
