GENE	P_VALUE	IS_PHENOTYPE
A2M	0.148	0
AATF	0.09	0
ABCA1	0.976	0
ABCB1	0.1	0
ABCC3	0.116	0
ABL1	0	1
ABR	0.232	0
ACAN	0.008	0
ACOX2	0.302	0
ACSL1	0.052	0
ACTA2	0.116	0
ACTC1	0.386	0
ACTG2	0.328	0
ACTL6A	0.896	0
ACTL6B	0.52	0
ACTN1	0	1
ACTN4	0.04	0
ACTR3B	0.952	0
ACVR1	0.074	0
ACVRL1	0	1
ADAM10	0.556	0
ADAM12	0	1
ADAM15	0	1
ADAM17	0	1
ADAM9	0.84	0
ADAMTS1	0.694	0
ADAMTS5	0.678	0
ADCY7	0.01	0
ADCY8	0	1
ADM	0.608	0
ADORA2A	0.054	0
ADORA2B	0.272	0
ADORA3	0.964	0
ADRA2A	0	1
AEBP1	0.058	0
AES	0	1
AGT	0.002	0
AGTR1	0	1
AGTR2	0.07	0
AHCTF1	0.074	0
AHNAK	0.222	0
AHR	0.4	0
AHSA1	0.01	0
AHSG	0	1
AIFM1	0.052	0
AKAP13	0.036	0
AKT1	0	1
AKT3	0	1
ALCAM	0	1
ALDH1A3	0	1
ALDOC	0.168	0
ALMS1	0	1
ALOX12B	0	1
ALOX5	0	1
ALOX5AP	0.008	0
AMPH	0	1
ANAPC1	0	1
ANAPC10	0.274	0
ANAPC2	0	1
ANG	0	1
ANGPT1	0.056	0
ANGPT2	0.066	0
ANGPTL4	0.462	0
ANK2	0.046	0
ANK3	0	1
ANP32A	0.05	0
ANXA1	0	1
ANXA11	0.014	0
ANXA2	0	1
ANXA3	0.078	0
ANXA4	0.36	0
ANXA5	0	1
ANXA6	0.048	0
ANXA7	0	1
AP1M2	0.53	0
AP1S1	0	1
AP1S2	0	1
AP2A2	0.172	0
AP2M1	0.228	0
AP2S1	0	1
AP3B2	0.606	0
APBA2	0	1
APBB2	0.048	0
APC	0	1
APEX1	0	1
APH1A	0.282	0
APLP1	0.282	0
APLP2	0	1
APOA1	0.002	0
APOA2	0	1
APOB	0	1
APOBEC3G	1	0
APOC1	0.906	0
APOC2	0.028	0
APOC3	0	1
APOD	0.304	0
APOE	0	1
APP	0	1
AQP1	0	1
AQP4	0	1
AR	0	1
ARAF	0.05	0
AREG	0	1
ARF1	0	1
ARF3	0.376	0
ARF4	0.28	0
ARF6	0	1
ARFGAP3	0.964	0
ARHGAP15	0.45	0
ARHGAP5	0	1
ARHGDIB	0.018	0
ARHGDIG	1	0
ARHGEF3	0.174	0
ARHGEF6	0.394	0
ARHGEF7	0.422	0
ARHGEF9	0.45	0
ARID3A	0	1
ARNT2	0.246	0
ARNTL	0	1
ARNTL2	0.064	0
ARPC1B	1	0
ARRB1	0	1
ASCL1	0.8	0
ASF1B	0.722	0
ASNS	0.04	0
ASPM	0	1
ATF1	0.024	0
ATF3	0	1
ATF5	0	1
ATM	0.004	0
ATN1	0.01	0
ATP1A3	0.414	0
ATP1B1	0.8	0
ATP1B2	0.194	0
ATP2A2	0.008	0
ATP2B2	0.104	0
ATP2B4	0.028	0
ATP5B	0	1
ATP5C1	0	1
ATP5F1	0	1
ATP5G3	0.1	0
ATP5J2	0	1
ATP6V1A	0.608	0
ATP6V1B2	0.39	0
ATP6V1E1	0.322	0
ATP6V1G2	0.628	0
ATP6V1H	0.662	0
ATP8A2	0.164	0
ATRX	0	1
ATXN1	0.278	0
AURKA	0.14	0
AURKB	0.806	0
AXL	0.008	0
BACE1	0.406	0
BACE2	0.866	0
BAG2	0.136	0
BAG4	0	1
BAI2	0.084	0
BAMBI	0.76	0
BARD1	0	1
BAX	0.13	0
BAZ1A	0.806	0
BAZ1B	0.87	0
BAZ2B	0.56	0
BCAN	0.008	0
BCAR3	0.082	0
BCAT1	0.27	0
BCHE	0.962	0
BCKDHB	0.004	0
BCL11A	0.642	0
BCL2A1	0.428	0
BCL2L2	0.502	0
BCL6	0.124	0
BCOR	0.368	0
BCR	0.002	0
BDNF	0	1
BGN	0.434	0
BHLHB3	0	1
BID	0.408	0
BIK	0.406	0
BIN1	0.082	0
BIN2	0.354	0
BIRC3	0.028	0
BIRC5	0	1
BLK	0	1
BLM	0	1
BLNK	0.276	0
BMP1	0	1
BMP2	0.018	0
BMP4	0.218	0
BMP5	0.786	0
BMPR1A	0.354	0
BMPR1B	0	1
BNC2	0.004	0
BNIP2	0.238	0
BPGM	0.012	0
BRCA1	0	1
BRCA2	0	1
BST1	0	1
BTG1	0.876	0
BTG3	0.232	0
BTK	0.388	0
BTN3A3	0.014	0
BUB1B	1	0
C1QA	0.198	0
C1QB	0.256	0
C1S	0.106	0
C2	0.108	0
C3	0.21	0
C3AR1	0.454	0
C4BPA	0.052	0
C5	0.264	0
C5AR1	0.844	0
C7	0.25	0
C8G	0	1
CA12	0.758	0
CA2	0.204	0
CABP1	0.008	0
CACNA2D2	0.078	0
CACNA2D3	0.402	0
CACNB2	0.446	0
CACNB3	0.416	0
CACNB4	0.696	0
CACNG3	0.456	0
CALB1	0.014	0
CALB2	0.718	0
CALD1	0.016	0
CALM1	0.016	0
CALML3	0	1
CALML5	0	1
CAMK2A	0.066	0
CAMK2B	0.078	0
CAMK2G	0.006	0
CANX	0.086	0
CAP2	0.408	0
CAPN2	0	1
CAPNS1	0.002	0
CAPZB	0	1
CARD8	0.118	0
CASK	0.042	0
CASP1	0	1
CASP2	0	1
CASP3	0.146	0
CASP4	0	1
CASP6	0.004	0
CASP7	0.418	0
CASP8	0	1
CASP9	0.304	0
CAST	0.014	0
CAV1	0	1
CAV2	0.054	0
CBLC	0.26	0
CBX3	0.09	0
CCDC99	0.934	0
CCK	0.978	0
CCKBR	0.96	0
CCL11	0.204	0
CCL13	0.02	0
CCL18	0.178	0
CCL19	0.138	0
CCL2	0.29	0
CCL20	0.94	0
CCL21	0.066	0
CCL5	0.008	0
CCL7	0.768	0
CCNA1	0	1
CCNA2	0	1
CCNB1	0	1
CCNB2	0	1
CCND1	0	1
CCND2	0	1
CCND3	0	1
CCNE1	0.06	0
CCNE2	0.036	0
CCNG1	0	1
CCNH	0	1
CCNL2	0	1
CCR1	0.916	0
CCR5	0.22	0
CCR6	0	1
CCR7	0	1
CCRL1	0.218	0
CCT2	0.36	0
CCT5	0.164	0
CCT6A	0.592	0
CD14	0.748	0
CD151	0.378	0
CD163	0.996	0
CD180	0.276	0
CD19	0	1
CD1C	0	1
CD1D	0	1
CD2	0.064	0
CD247	0	1
CD27	0.02	0
CD2AP	0.012	0
CD300A	0.93	0
CD34	0.046	0
CD36	0.114	0
CD37	0.394	0
CD38	0	1
CD3D	0.064	0
CD3G	0	1
CD4	0.298	0
CD40	0	1
CD44	0	1
CD46	0.384	0
CD47	0	1
CD48	0.212	0
CD52	0.06	0
CD53	0.008	0
CD55	0.002	0
CD58	0.05	0
CD69	0.056	0
CD70	0.048	0
CD74	0.004	0
CD79A	0	1
CD79B	0	1
CD82	0	1
CD86	0.418	0
CD8B	0	1
CD9	0.058	0
CD93	0.544	0
CD97	0.382	0
CDC2	0	1
CDC20	0	1
CDC23	0	1
CDC25B	0.068	0
CDC45L	0.038	0
CDC6	0.232	0
CDC7	0	1
CDC73	0.036	0
CDCA3	0.048	0
CDCA8	0.684	0
CDH1	0.148	0
CDH10	0	1
CDH11	0	1
CDH17	0	1
CDH18	0	1
CDH19	0.008	0
CDH2	0.248	0
CDH3	0.01	0
CDH4	0.032	0
CDH5	0.006	0
CDIPT	0	1
CDK2	0.034	0
CDK4	0	1
CDK5	0.004	0
CDK5R1	0.016	0
CDK5R2	0.018	0
CDK5RAP2	0.376	0
CDK7	0	1
CDKN1A	0.54	0
CDKN1B	0	1
CDKN2A	0	1
CDKN2C	0	1
CDKN3	0.334	0
CDT1	0	1
CEACAM1	0	1
CEACAM5	0.328	0
CEACAM6	0.422	0
CEBPA	0.468	0
CEBPB	0.382	0
CEBPG	0.214	0
CEBPZ	0	1
CECR1	0.332	0
CELSR2	0.002	0
CENPA	0.992	0
CENPE	0.982	0
CENPF	1	0
CENPM	0.356	0
CENPN	0.67	0
CENPQ	0.508	0
CEP135	0.808	0
CEP152	0.196	0
CEP170	0.004	0
CEP192	0.168	0
CEP290	0	1
CEP57	0.436	0
CEP76	0.244	0
CETN3	0.018	0
CFD	0.444	0
CFH	0.296	0
CFI	0.086	0
CFLAR	0.306	0
CFTR	0	1
CHAF1A	0.1	0
CHD1	0.388	0
CHD5	0.924	0
CHD7	0	1
CHD9	0.008	0
CHEK1	0.004	0
CHEK2	0.198	0
CHGA	0.894	0
CHI3L2	0.848	0
CHL1	0	1
CHN1	1	0
CHRNA1	0.186	0
CHUK	0.048	0
CIB1	0.116	0
CISH	0.778	0
CIT	0.006	0
CITED1	0.838	0
CITED2	0.528	0
CKS1B	0.008	0
CKS2	0.008	0
CLASP2	0.832	0
CLCN5	0	1
CLDN1	0.016	0
CLDN10	0.14	0
CLDN3	0.174	0
CLDN4	0.034	0
CLDN5	0.454	0
CLDN7	0	1
CLEC10A	0.274	0
CLEC5A	0.414	0
CLIC1	0.11	0
CLK1	0	1
CLOCK	0	1
CLSTN2	0.342	0
CLTB	0	1
CLU	0.318	0
CNGA3	0.912	0
CNKSR2	0.008	0
CNN3	0.534	0
CNOT2	0.376	0
CNTN1	0	1
CNTN2	0	1
CNTNAP1	0.108	0
CNTNAP2	0.222	0
COL11A1	0.002	0
COL13A1	0	1
COL15A1	0.154	0
COL16A1	0.218	0
COL17A1	0	1
COL18A1	0.028	0
COL1A1	0.144	0
COL1A2	0	1
COL2A1	0	1
COL3A1	0	1
COL4A1	0	1
COL4A2	0	1
COL4A4	0	1
COL4A5	0.198	0
COL5A1	0.078	0
COL5A2	0	1
COL5A3	0	1
COL6A2	0.006	0
COL6A3	0	1
COL8A2	0.602	0
COL9A1	0.172	0
COL9A2	0.038	0
COL9A3	0.002	0
COMP	0	1
COPS2	0	1
COPS3	0	1
COPS8	0	1
COPZ2	0.356	0
CORO1A	0	1
CORO2A	0.072	0
COTL1	0.018	0
COX6A1	0	1
COX7A2L	0	1
COX7B	0	1
COX8A	0	1
CP	0.396	0
CPA3	0.496	0
CPB2	0.128	0
CPD	0.092	0
CPE	0.326	0
CPS1	0.166	0
CR2	0	1
CREB3L2	0	1
CRIP1	0.172	0
CRLF3	0.004	0
CRMP1	0.036	0
CRY1	0.154	0
CSF1R	0.242	0
CSF2RB	0.204	0
CSK	0	1
CSNK1D	0	1
CSNK2B	0	1
CSPG4	0.07	0
CSRP2	0.538	0
CST3	0.032	0
CST7	0.178	0
CSTA	0.096	0
CSTB	0	1
CSTF1	0	1
CTBP1	0.004	0
CTGF	0.14	0
CTNNA2	0	1
CTNNAL1	0	1
CTNND1	0.122	0
CTNND2	0.218	0
CTPS	0.022	0
CTSB	0.658	0
CTSC	0.88	0
CTSD	0.708	0
CTSF	0.002	0
CTSH	0.818	0
CTSK	0.192	0
CTSL1	0.932	0
CTSL2	0.042	0
CTSS	0.23	0
CTTN	0	1
CUBN	0	1
CUGBP1	0.454	0
CUGBP2	0.208	0
CUL4A	0.068	0
CUL4B	0.338	0
CX3CL1	0.002	0
CX3CR1	0.012	0
CXCL1	0.978	0
CXCL10	0.986	0
CXCL11	0.888	0
CXCL12	0.084	0
CXCL13	0.41	0
CXCL2	0.988	0
CXCL3	0.892	0
CXCL6	0.544	0
CXCL9	0.326	0
CXCR4	0.018	0
CXCR7	0.886	0
CYB5A	0.008	0
CYBA	0.224	0
CYBB	0.158	0
CYC1	0	1
CYCS	0	1
CYFIP2	0.928	0
CYP51A1	0	1
CYR61	0.158	0
DAB2	0.032	0
DAPP1	0	1
DARC	0	1
DAXX	0	1
DAZ4	0.046	0
DAZAP1	0	1
DBF4	0	1
DCHS1	0.01	0
DCLK1	0.288	0
DCN	0.142	0
DCTN1	0.11	0
DCTN2	0.088	0
DDB2	0.042	0
DDIT3	0.892	0
DDOST	0	1
DDR1	0.568	0
DDR2	0.412	0
DDX23	0.334	0
DDX39	0.724	0
DDX56	0.002	0
DEAF1	0.142	0
DEK	0.324	0
DGKB	0.942	0
DGKZ	0.652	0
DHCR24	0	1
DHFR	0	1
DHX40	0.716	0
DIRAS2	0.952	0
DIS3	0.316	0
DKC1	0.704	0
DKK1	0	1
DKK2	0.012	0
DLD	0	1
DLEU1	0	1
DLG2	0.002	0
DLL3	0.152	0
DLX5	0.016	0
DMBT1	0.044	0
DNAH9	0	1
DNAJB1	0.764	0
DNAJC3	0	1
DNAJC6	0.032	0
DNM1	0	1
DNMBP	0.016	0
DNMT1	0.038	0
DOC2A	0.044	0
DOCK2	0.544	0
DOK5	0.068	0
DPYSL2	0.09	0
DPYSL3	0.076	0
DSC2	0.028	0
DSC3	0.022	0
DSG3	0.094	0
DSN1	0.45	0
DSP	0.042	0
DTL	0.992	0
DTNA	0.014	0
DUSP1	0.214	0
DUSP10	0.08	0
DUSP2	0.008	0
DUSP4	0.516	0
DUSP5	0.238	0
DUSP6	0.548	0
DUSP8	0.508	0
DVL3	0.286	0
DYNC1H1	0.254	0
DYNLT1	0	1
E2F3	0	1
E2F6	0.826	0
ECT2	1	0
EDN1	0.218	0
EDN3	0	1
EDNRA	0	1
EDNRB	0.75	0
EEF1A2	0	1
EFEMP1	0.562	0
EFEMP2	0.588	0
EFHD1	0.022	0
EFNA1	0.018	0
EFNA4	0.002	0
EFNB2	0.042	0
EFNB3	0.058	0
EFS	0.07	0
EGF	0	1
EGFR	0.238	0
EGR1	0.206	0
EGR2	0.02	0
EGR3	0.8	0
EHD4	0	1
EHHADH	0.052	0
EIF2AK3	0.708	0
EIF2S3	0.612	0
EIF3B	0.264	0
EIF4A1	0.214	0
EIF4A2	0	1
EIF4E	0.236	0
EIF4E2	0.586	0
EIF4EBP1	0.464	0
EIF4G1	0	1
EIF4G3	0	1
EIF5	0	1
EIF5B	0	1
ELAVL1	0.12	0
ELAVL4	0	1
ELF1	0.086	0
ELMO1	0	1
ELN	0.392	0
EMILIN1	0.006	0
EMP3	0.588	0
EMX2	0.664	0
EN1	0.364	0
EN2	0.128	0
ENG	0.32	0
ENO2	0.416	0
ENPP2	0.06	0
EPAS1	0	1
EPB41L1	0	1
EPB41L3	0.008	0
EPB49	0.56	0
EPHA2	0	1
EPHA3	0	1
EPHA4	0.122	0
EPHB1	0.036	0
EPHB2	0	1
EPHB3	0.178	0
EPHB6	0.578	0
EPS15	0	1
EPS8	0	1
ERBB2IP	0.664	0
ERBB3	0	1
ERBB4	0.066	0
ERCC8	0.14	0
EREG	0	1
ERO1L	0.292	0
ESPL1	0	1
ETS2	0	1
ETV1	0.518	0
ETV5	0.008	0
EVI1	0.168	0
EVI2B	0.058	0
EXO1	0.004	0
EXOC1	0.196	0
EXOC5	0.204	0
EXOSC8	0.022	0
EYA4	0.406	0
EZH2	0	1
F11R	0	1
F12	0	1
F13A1	0.074	0
F2	0	1
F2R	0.954	0
F2RL1	0.842	0
F2RL2	0	1
F3	0.282	0
F5	0.756	0
F8	0	1
FABP5	0.234	0
FADD	0	1
FAF1	0	1
FAH	0.002	0
FAIM2	0.004	0
FAIM3	0	1
FAM13A1	0.312	0
FANCF	0	1
FANCG	0.086	0
FAS	0.004	0
FAT2	0	1
FBLN1	0	1
FBLN2	0	1
FBLN5	0.034	0
FBN1	0.02	0
FBN2	0.016	0
FBXL2	0.43	0
FBXO2	0.026	0
FBXO5	1	0
FBXW7	0.17	0
FCER1A	0.242	0
FCER1G	0.024	0
FCER2	0	1
FCGR1A	0.236	0
FCGR2A	0.59	0
FCGR2B	0.09	0
FCGR3B	0.108	0
FCGRT	0.104	0
FDX1	0	1
FEN1	0.07	0
FER1L3	0.32	0
FEZ1	0.122	0
FGA	0	1
FGB	0	1
FGF1	0	1
FGF12	0	1
FGF13	0	1
FGF14	0	1
FGF18	0	1
FGF2	0	1
FGF20	0	1
FGF3	0	1
FGF7	0	1
FGF8	0	1
FGF9	0	1
FGFR1	0	1
FGFR3	0.166	0
FGFR4	0	1
FGG	0.084	0
FGL1	0	1
FGR	0.152	0
FHL1	0.294	0
FHL2	0	1
FIGF	0.002	0
FKBP10	0.002	0
FKBP1A	0	1
FKBP1B	0.004	0
FKBP5	0.09	0
FLNA	0.122	0
FLNB	0.096	0
FLNC	0.092	0
FMOD	0.562	0
FN1	0.096	0
FOS	0.026	0
FOSB	0.002	0
FOSL2	0	1
FOXA2	0	1
FOXF1	0.212	0
FOXG1	0.568	0
FOXM1	0	1
FOXO1	0.06	0
FPR1	0	1
FRAP1	0	1
FRS2	0	1
FRZB	0.354	0
FST	0.012	0
FSTL1	0	1
FUSIP1	0	1
FXYD7	0.86	0
FYB	0	1
FYN	0.084	0
FZD1	0.966	0
FZD10	0.484	0
FZD2	0.18	0
FZD3	0.248	0
FZD4	0.042	0
FZD6	0.324	0
FZD7	0.512	0
G3BP1	0.804	0
GAB1	0.032	0
GAB2	0	1
GABARAPL2	0	1
GABBR1	0	1
GABBR2	0	1
GABRA1	0	1
GABRA2	0	1
GABRA4	0	1
GABRB1	0	1
GABRG2	0	1
GADD45A	0	1
GADD45B	0.326	0
GADD45G	0.002	0
GAPDH	0	1
GAS1	0.008	0
GAS2	0.138	0
GATA6	0.072	0
GBE1	0.634	0
GCA	0.222	0
GCC2	0.092	0
GCG	0.022	0
GCH1	0.508	0
GCHFR	0.01	0
GDF10	0	1
GDF15	0	1
GDI1	0	1
GEM	0.98	0
GEMIN6	0.386	0
GHR	0.034	0
GIMAP5	0.934	0
GINS1	0	1
GINS2	0	1
GINS4	0	1
GJA1	0.15	0
GLI1	0	1
GLI3	0	1
GLRX	0	1
GLS2	0.77	0
GMFG	0.272	0
GMNN	0	1
GMPS	0.242	0
GNA13	0.42	0
GNA15	0	1
GNAI1	0	1
GNAI2	0	1
GNAI3	0.102	0
GNAO1	0.026	0
GNAS	0.182	0
GNAZ	0.004	0
GNB1	0.106	0
GNB5	0.62	0
GNG11	0.406	0
GNG12	0.924	0
GNG3	0.628	0
GNG4	0	1
GNG5	0.954	0
GOT1	0.912	0
GPC1	0.008	0
GPC3	0.044	0
GPI	0.16	0
GPM6B	0.004	0
GPNMB	0.088	0
GPR19	0.486	0
GPR37	0.668	0
GPSM2	0.148	0
GRB10	0	1
GRB14	0.002	0
GRB2	0	1
GRB7	0	1
GREM1	0.632	0
GREM2	0.252	0
GRIA2	0	1
GRIA3	0.01	0
GRIA4	0.288	0
GRIK1	0.092	0
GRIN2A	0.008	0
GRK5	0	1
GRM3	1	0
GRP	0.086	0
GSK3B	0	1
GSN	0.006	0
GSPT2	0.796	0
GSTM3	0.018	0
GSTM5	0.178	0
GSTP1	0.082	0
GTF2E1	0.068	0
GTF2E2	0.112	0
GTF3C3	0.618	0
GTSE1	0	1
GUCY1A3	0.024	0
GUCY1B3	0	1
GUSB	0.25	0
GYG2	0.034	0
GYS1	0.27	0
GZMA	0.058	0
GZMB	0.102	0
GZMH	0	1
GZMK	0	1
H1F0	0.144	0
H1FX	0.47	0
HABP4	0	1
HAPLN1	0	1
HAT1	0.652	0
HAX1	0.034	0
HBEGF	0.91	0
HCK	0.02	0
HCLS1	0.046	0
HCRT	0	1
HDAC1	0.004	0
HDAC2	0.398	0
HDAC9	0.126	0
HES1	0.642	0
HEY1	0.578	0
HEY2	0.432	0
HGF	0	1
HGS	0	1
HIF1A	0	1
HIP1	0.618	0
HIPK1	0	1
HIPK2	0.002	0
HIST1H2AC	0.996	0
HK1	0.366	0
HK2	0	1
HLA-A	0.324	0
HLA-B	0.092	0
HLA-C	0.03	0
HLA-DMA	0	1
HLA-DMB	0.014	0
HLA-DOB	0	1
HLA-DPA1	0.014	0
HLA-DPB1	0	1
HLA-DQA1	0	1
HLA-DQB1	0	1
HLA-DRA	0	1
HLA-DRB1	0.216	0
HLA-E	0.288	0
HLA-F	0.496	0
HLA-G	0.01	0
HLF	0	1
HLX	0.046	0
HMBS	0.016	0
HMGA2	0.286	0
HMGB2	0.446	0
HMHA1	0.396	0
HMMR	0.058	0
HMOX1	0.982	0
HOMER1	0.424	0
HOXA10	0.226	0
HOXA11	0	1
HOXA2	0.646	0
HOXA4	0.526	0
HOXA5	0.896	0
HOXA7	0.966	0
HOXA9	0.086	0
HOXB2	0.012	0
HOXB5	0	1
HOXB6	0.004	0
HOXB7	0	1
HOXB9	0	1
HOXC10	0	1
HOXC13	0.004	0
HOXC4	0.39	0
HOXC6	0.914	0
HOXD11	0.206	0
HP	0.284	0
HPR	0.232	0
HPRT1	0.376	0
HPSE	0.74	0
HRAS	0	1
HRH1	0.618	0
HSP90AB1	0	1
HSP90B1	0	1
HSPA1A	0	1
HSPA2	0.48	0
HSPA4L	0.018	0
HSPA5	0.316	0
HSPA6	0.96	0
HSPB1	0.224	0
HSPB6	0.018	0
HSPB8	0.628	0
HSPD1	0	1
HSPE1	0	1
HSPH1	0.06	0
HTR2A	1	0
HTR2B	0.27	0
IAPP	0.188	0
IBSP	0.182	0
ICAM1	0.508	0
ICAM2	0	1
ICAM3	0.096	0
ID1	0	1
ID2	0	1
ID3	0.596	0
ID4	0.49	0
IER3	0.512	0
IFI16	0	1
IFI27	0.024	0
IFI35	0.944	0
IFIT1	0.006	0
IFITM1	0.26	0
IFITM2	0.124	0
IFNG	0	1
IFNGR1	0.046	0
IGF1	0	1
IGF2	0.02	0
IGF2R	0.526	0
IGFBP1	0.694	0
IGFBP2	0	1
IGFBP3	0	1
IGFBP4	0.112	0
IGFBP5	0.036	0
IGFBP6	0.044	0
IGFBP7	0.424	0
IGHM	0.072	0
IGKC	0.266	0
IGKV1-5	0.054	0
IGLV2-14	0.062	0
IGLV3-25	0.068	0
IL10RA	0.022	0
IL10RB	0.552	0
IL11RA	0.154	0
IL13RA1	0.706	0
IL13RA2	0.47	0
IL15	0.056	0
IL15RA	0.168	0
IL18	0.068	0
IL1A	0.006	0
IL1B	0.556	0
IL1R1	0.33	0
IL1R2	0.01	0
IL1RAP	0.116	0
IL2RA	0.924	0
IL2RB	0.274	0
IL2RG	0.24	0
IL32	0.322	0
IL4R	0.81	0
IL6	0.372	0
IL7	0.182	0
IL7R	0.54	0
IL8	0.436	0
IMPA2	0.716	0
INHBA	0.232	0
INHBB	0.804	0
INHBE	0.008	0
INPP4B	0	1
IPO4	0.07	0
IQGAP1	0.804	0
IQGAP2	0.892	0
IQSEC1	0	1
IRAK1	0	1
IRF1	0	1
IRF2	0.326	0
IRF7	0.014	0
IRF8	0.08	0
IRF9	0.012	0
IRS1	0	1
IRS2	0.62	0
ISG15	0.104	0
ISG20	0.404	0
ISL1	0.184	0
ISLR	0.008	0
ITCH	0	1
ITGA10	0	1
ITGA2	0.006	0
ITGA3	0.316	0
ITGA4	0	1
ITGA5	0.954	0
ITGA6	0	1
ITGA7	0.058	0
ITGA8	0	1
ITGAV	0	1
ITGB2	0.008	0
ITGB3BP	1	0
ITGB4	0	1
ITGB5	0	1
ITGB6	0	1
ITGB7	0	1
ITGB8	0	1
ITGBL1	0.782	0
ITK	0.184	0
ITPKA	0.248	0
ITPKB	0.014	0
ITPR1	0.164	0
ITPR2	0.024	0
ITPR3	0.402	0
IVL	0	1
JAG1	0.914	0
JAK1	0	1
JAM2	0.102	0
JAM3	0.782	0
JARID1B	0.09	0
JUN	0	1
JUNB	0.19	0
JUND	0	1
JUP	0.032	0
KAL1	0.006	0
KATNA1	0.038	0
KCNAB1	0.054	0
KCNB1	0	1
KCNC1	0.002	0
KCND2	0.1	0
KCNE4	0.21	0
KCNIP1	0.076	0
KCNJ15	0	1
KCNJ16	0.436	0
KCNJ2	0.072	0
KCNJ6	0.992	0
KCNJ8	0.044	0
KCNMB1	0.022	0
KCNN2	0.124	0
KCNS3	0.05	0
KCNV1	0	1
KCTD13	0.004	0
KDELR1	0.852	0
KDELR2	1	0
KDELR3	0.912	0
KDR	0.058	0
KHDRBS2	0.464	0
KHDRBS3	0	1
KIF11	0.99	0
KIF14	0.83	0
KIF15	0	1
KIF18A	0.582	0
KIF1C	0	1
KIF20A	0.982	0
KIF21B	0.386	0
KIF23	0.988	0
KIF2C	0.004	0
KIF3A	0.026	0
KIF3B	0	1
KIF3C	0.12	0
KIF4A	0.574	0
KIF5A	1	0
KIF5C	0.63	0
KIFAP3	0.16	0
KIFC1	0.244	0
KIT	0	1
KL	0.002	0
KLC1	0.296	0
KLC2	0.098	0
KLF5	0.678	0
KLF6	0	1
KLHL2	0.796	0
KLK6	0.81	0
KLRB1	0.408	0
KLRC3	0.498	0
KLRK1	0.164	0
KNTC1	0.662	0
KPNA2	0	1
KPNA4	0.114	0
KRAS	0.276	0
KRT1	0	1
KRT13	0.146	0
KRT14	0.01	0
KRT15	0.008	0
KRT16	0	1
KRT17	0	1
KRT18	0	1
KRT19	0	1
KRT5	0.042	0
KRT6A	0.008	0
KRT6B	0.002	0
KRT7	0	1
KRT8	0	1
LAMA2	0	1
LAMA3	0.122	0
LAMA4	0	1
LAMA5	0.004	0
LAMB1	0.068	0
LAMB2	0.002	0
LAMB3	0.026	0
LAMC1	0.006	0
LAMC2	0	1
LAMC3	0.748	0
LAPTM5	0.002	0
LAT	0	1
LAT2	0	1
LBP	0.488	0
LBR	0.578	0
LCK	0	1
LCN2	0.006	0
LCP1	0.32	0
LCP2	0.358	0
LDB2	0.786	0
LDLR	0.002	0
LDOC1	0.176	0
LEFTY2	0.454	0
LEPR	0.292	0
LGALS3	0.468	0
LGALS3BP	0.004	0
LGI1	0.222	0
LGMN	0.9	0
LHX2	0.19	0
LHX6	0.05	0
LIFR	0.946	0
LIG1	0	1
LILRB1	0.14	0
LILRB2	0.114	0
LILRB4	0.032	0
LIMA1	0.902	0
LIMD1	0.002	0
LIMK2	0	1
LIMS1	0.08	0
LIPG	0.074	0
LITAF	0	1
LLGL2	0.128	0
LMAN1	0.01	0
LMNA	0.072	0
LMNB1	0	1
LMNB2	0.002	0
LMO1	0.172	0
LMO2	0.49	0
LMO3	0.028	0
LMO4	0.01	0
LOR	0	1
LOX	0.008	0
LPL	0.006	0
LPP	0	1
LPXN	0.004	0
LRIG1	0	1
LRP1	0	1
LRP10	0.434	0
LRP1B	0.244	0
LRP2	0	1
LRP4	0.49	0
LRP5	0	1
LSM1	0	1
LSM2	0.854	0
LSM5	0.88	0
LSM7	0.81	0
LSM8	0.404	0
LSP1	0.956	0
LST1	0.6	0
LTA	0	1
LTB	0.112	0
LTBP1	0.124	0
LTBP3	0.932	0
LTF	0.018	0
LUM	0.014	0
LY6H	0.56	0
LY86	0.976	0
LY96	0.758	0
LYN	0.272	0
LYPLA1	0	1
LYZ	0.37	0
M6PRBP1	0.836	0
MACF1	0.008	0
MAD2L1	0.986	0
MADD	0.042	0
MAFF	0.478	0
MAGED1	0.002	0
MAGEH1	0.698	0
MAGI2	0	1
MAGOH	0.382	0
MAL	0.91	0
MALT1	0.538	0
MAN1C1	0.01	0
MAP1B	0.004	0
MAP2	0.134	0
MAP2K1	0.232	0
MAP2K4	0.014	0
MAP3K1	0.666	0
MAP3K14	0.118	0
MAP3K5	0	1
MAP3K7	0	1
MAP3K8	0.956	0
MAP4K1	0	1
MAP4K3	0.054	0
MAP4K4	0.476	0
MAPK1	0	1
MAPK10	0.002	0
MAPK13	0	1
MAPK14	0	1
MAPK9	0	1
MAPRE1	0.35	0
MAPT	0.102	0
MARCKS	0	1
MARCKSL1	0.004	0
MARK4	0.204	0
MARS	0.282	0
MAST3	0.866	0
MATN2	0	1
MATN3	0.022	0
MATR3	0	1
MBP	0	1
MCAM	0.164	0
MCC	0.196	0
MCF2L	0.716	0
MCL1	0.14	0
MCM10	0	1
MCM2	0	1
MCM3	0	1
MCM4	0.026	0
MCM5	0	1
MCM6	0.002	0
MCM7	0	1
MDFIC	0	1
MDK	0.004	0
MDM2	0.026	0
MDM4	0	1
ME1	0.828	0
MED13L	0	1
MED17	0.012	0
MED20	0	1
MED21	0.082	0
MED23	0.234	0
MED28	0.396	0
MEF2C	0.24	0
MEIS1	0.96	0
MEIS2	0.146	0
MELK	0	1
MEOX1	0.196	0
MEOX2	0.8	0
MERTK	0.336	0
MET	0.032	0
MFAP2	0.076	0
MFAP5	0.036	0
MFGE8	0.056	0
MGP	0	1
MICAL1	0.002	0
MICALL1	0.138	0
MIF	0	1
MIS12	0.944	0
MITF	0	1
MKI67	0	1
MLC1	0.518	0
MLF1IP	1	0
MLH1	0	1
MLPH	0.02	0
MME	0.412	0
MMP1	0.152	0
MMP12	0.038	0
MMP13	0.902	0
MMP14	0	1
MMP2	0.014	0
MMP3	0	1
MMP7	0.104	0
MMP8	0	1
MMP9	0.174	0
MMRN1	0.072	0
MNAT1	0	1
MNDA	0	1
MOAP1	0.262	0
MOG	0	1
MPHOSPH1	0.024	0
MPP1	0.002	0
MPP5	0.018	0
MRAS	0.008	0
MS4A1	0	1
MSH2	0	1
MSH6	0	1
MSN	0	1
MST1	0.502	0
MST1R	0.052	0
MSTN	0.544	0
MSX1	0	1
MSX2	0.038	0
MTTP	0	1
MUC1	0	1
MVP	0	1
MX1	0.508	0
MX2	0.372	0
MXRA5	0.356	0
MXRA8	0.028	0
MYB	0.694	0
MYBL1	0.952	0
MYBL2	0	1
MYBPC1	0.002	0
MYC	0	1
MYCBP	0.14	0
MYCBP2	0.13	0
MYD88	0.922	0
MYH10	0.358	0
MYH11	0.03	0
MYH9	0.114	0
MYL9	0.258	0
MYLK	0.502	0
MYO1B	0.052	0
MYO1D	0.008	0
MYO1E	0.174	0
MYO1F	0.452	0
MYO5C	0.408	0
NAGA	0.016	0
NAP1L1	0	1
NAP1L2	1	0
NAPA	0	1
NAT1	0.204	0
NBEA	0.64	0
NCAM1	0	1
NCAN	0	1
NCAPD2	0.002	0
NCAPG	0.022	0
NCAPH	0.41	0
NCBP1	0.93	0
NCBP2	0.526	0
NCF1	0.95	0
NCF2	0.2	0
NCF4	0.322	0
NCK1	0.092	0
NCK2	0	1
NCOA1	0	1
NCOA3	0.002	0
NCSTN	0.08	0
NDC80	0.954	0
NDEL1	0.456	0
NDN	0	1
NDUFA10	0	1
NDUFA3	0.014	0
NDUFA4	0	1
NDUFA5	0	1
NDUFA6	0	1
NDUFA8	0	1
NDUFB4	0	1
NDUFB6	0	1
NDUFB8	0.064	0
NDUFS1	0	1
NDUFS2	0.528	0
NDUFS3	0	1
NDUFS4	0	1
NDUFV2	0	1
NEB	0.094	0
NEDD4	0	1
NEDD9	0.074	0
NEFH	0.602	0
NEFL	0.458	0
NEFM	0.582	0
NEK11	0	1
NEK2	0.222	0
NELL1	0.092	0
NES	0.04	0
NEUROD1	0.52	0
NFASC	0	1
NFIC	0	1
NFKB1	0	1
NFKBIA	0	1
NGFR	0.606	0
NGFRAP1	0.06	0
NHLH1	0.03	0
NID1	0	1
NID2	0	1
NKX2-1	0.192	0
NKX2-2	0.062	0
NLGN1	0.248	0
NMB	1	0
NMI	0.964	0
NNMT	0.038	0
NOD2	0.844	0
NONO	0.608	0
NOTCH1	0.162	0
NOTCH2	0.54	0
NOTCH4	0.25	0
NOV	0.768	0
NOX4	0.532	0
NP	0	1
NPM1	0	1
NPR1	0	1
NPTX1	0.008	0
NPTX2	0.776	0
NPY	0.574	0
NPY1R	0.114	0
NPY2R	0.156	0
NQO1	0	1
NR0B1	0.304	0
NR2E1	0.032	0
NR2F1	0.082	0
NR3C2	0.212	0
NRAS	0	1
NRCAM	0	1
NRIP1	0.102	0
NRP1	0.034	0
NRXN1	0.014	0
NRXN2	0.082	0
NRXN3	0.434	0
NSF	0	1
NTRK1	0.282	0
NTRK2	0.002	0
NTRK3	0.654	0
NUAK1	0.96	0
NUAK2	0.564	0
NUCB2	0	1
NUDT21	0.71	0
NUP107	1	0
NUP155	0.99	0
NUP205	1	0
NUP37	1	0
NUP43	0.896	0
NUP54	1	0
NUP85	0.778	0
NUP88	0.478	0
NUP93	0.968	0
NUPL2	0.996	0
NUPR1	0.156	0
NUSAP1	0.054	0
NXT1	0.858	0
OAS1	0.058	0
OAS2	0.448	0
OAS3	0.184	0
OASL	0.182	0
OCLN	0.382	0
ODC1	1	0
OGT	0.026	0
OLR1	0.01	0
ORC1L	0	1
ORC2L	0	1
ORC3L	0.056	0
ORC6L	0.156	0
OSBPL8	0.078	0
OSMR	0.612	0
P2RX4	0.868	0
P2RX5	0	1
P2RX7	0.84	0
P2RY10	0	1
P4HA1	0.818	0
P4HA2	0.358	0
P4HB	0.852	0
PABPN1	0.662	0
PAFAH1B1	0	1
PAH	0.522	0
PAK2	0.142	0
PAK3	0.742	0
PAK6	0.662	0
PAK7	0.516	0
PALLD	0.134	0
PARD3	0	1
PARP4	0.014	0
PAX1	0.19	0
PAX6	0.006	0
PAX8	0.016	0
PBK	0	1
PBX3	0.576	0
PCAF	0.238	0
PCDH12	0.47	0
PCDH17	0	1
PCDH8	0	1
PCDH9	0	1
PCDHA9	0.23	0
PCDHB12	0	1
PCDHGA10	0	1
PCDHGA8	0.106	0
PCDHGB6	0	1
PCK1	0.086	0
PCK2	0.254	0
PCNA	0	1
PCOLCE	0.06	0
PCSK1	0.936	0
PCSK1N	0.852	0
PCSK2	0.982	0
PCSK5	0.964	0
PDE1A	0.046	0
PDGFA	0	1
PDGFC	0	1
PDGFD	0	1
PDGFRA	0	1
PDGFRB	0.116	0
PDHA1	0.192	0
PDHX	0	1
PDIA3	0	1
PDIA4	0.67	0
PDIA6	0.956	0
PDLIM4	0	1
PDLIM5	0	1
PDYN	0.998	0
PDZD2	0.07	0
PEG3	0	1
PELO	0	1
PENK	0.4	0
PEO1	0.02	0
PER1	0	1
PERP	0	1
PF4	0.696	0
PFDN2	0	1
PFKM	0.22	0
PFKP	0.652	0
PFN2	0.256	0
PFTK1	0.206	0
PGF	0.006	0
PHKA1	0.028	0
PHKA2	0	1
PHKG1	0.384	0
PI4KA	0	1
PIAS3	0	1
PIK3C2B	0	1
PIK3C2G	0	1
PIK3C3	0	1
PIK3CA	0	1
PIK3R1	0.04	0
PIM1	0	1
PIN1	0.158	0
PIP4K2A	0	1
PIP4K2C	0.03	0
PIP5K1A	0	1
PIP5K1C	0.002	0
PIR	0.166	0
PITPNA	0	1
PITX2	0.682	0
PJA1	0.046	0
PKIA	0.392	0
PKM2	0.056	0
PKMYT1	0	1
PKN1	0.154	0
PKN2	0.508	0
PKP1	0	1
PKP3	0	1
PLA2G10	0.094	0
PLA2G2A	0.548	0
PLA2G4A	0.562	0
PLA2G5	0.61	0
PLAGL1	0	1
PLAT	0	1
PLAU	0.06	0
PLAUR	0.46	0
PLCB1	0	1
PLCB4	0	1
PLCD1	0.492	0
PLCE1	0.134	0
PLCG2	0.588	0
PLCL1	0.002	0
PLD1	0.168	0
PLEC1	0	1
PLEK	0.776	0
PLK1	0	1
PLK2	0.68	0
PLN	0.042	0
PLOD1	0.108	0
PLOD2	0.196	0
PLOD3	0.086	0
PLP1	0	1
PLP2	0.908	0
PLS3	0.158	0
PLSCR1	0.888	0
PLSCR4	0.694	0
PLTP	0.896	0
PLXNB3	0.278	0
PMAIP1	0	1
PNOC	0.966	0
POLA1	0.35	0
POLA2	0	1
POLD1	0	1
POLD2	0.046	0
POLD3	0.226	0
POLD4	0.074	0
POLE2	0	1
POLI	0.58	0
POLR1D	0.01	0
POLR1E	0.106	0
POLR2D	0.484	0
POLR2H	0.686	0
POLR2I	0.098	0
POLR2K	0	1
POT1	0.684	0
POU2AF1	0.284	0
POU2F1	0	1
POU4F1	0.776	0
PPARG	0	1
PPARGC1A	0.086	0
PPBP	0.874	0
PPFIA2	0.326	0
PPIB	0.016	0
PPIC	0.036	0
PPL	0.08	0
PPM1D	0	1
PPP1CB	0.162	0
PPP1R12A	0	1
PPP1R13L	0.002	0
PPP1R15A	0	1
PPP1R1A	0	1
PPP1R3C	0.11	0
PPP1R7	0	1
PPP2CA	0.04	0
PPP2R1A	0.786	0
PPP3CA	0.01	0
PPP3CB	0.534	0
PPP3R1	0.004	0
PPP4C	0.726	0
PRC1	0.998	0
PRCP	0.016	0
PRDX2	0	1
PRDX3	0	1
PRDX4	0.148	0
PRF1	0.264	0
PRIM1	0	1
PRKAA1	0.042	0
PRKAB1	0	1
PRKACB	0.068	0
PRKAG2	0	1
PRKAR2B	0	1
PRKCD	0	1
PRKCH	0	1
PRKD1	0	1
PRKD2	0.002	0
PRKD3	0	1
PRKDC	0.044	0
PRKX	0.032	0
PRL	0.286	0
PRNP	0.054	0
PROS1	0.954	0
PRPF4	0	1
PRPF4B	0.044	0
PRPH	0.066	0
PRRX1	0.426	0
PRSS1	0.028	0
PRSS3	0.896	0
PSIP1	0.13	0
PSMA1	0	1
PSMA2	0	1
PSMA3	0	1
PSMA5	0	1
PSMB1	0	1
PSMB10	0.628	0
PSMB3	0	1
PSMB7	0	1
PSMB8	0.176	0
PSMB9	0	1
PSMC5	0.048	0
PSMD1	0.016	0
PSMD11	0	1
PSMD2	0	1
PSMD8	0.16	0
PSMD9	0	1
PSME1	0.482	0
PSME2	0	1
PTBP1	0.938	0
PTCH1	0.004	0
PTEN	0.08	0
PTGDS	0.874	0
PTGFR	0.02	0
PTGS1	0	1
PTGS2	0.834	0
PTHLH	0.426	0
PTK2	0	1
PTN	0.052	0
PTP4A1	0.444	0
PTP4A3	0.092	0
PTPN13	0.248	0
PTPN4	0.028	0
PTPN6	0.656	0
PTPN7	0	1
PTPRA	0.518	0
PTPRB	0	1
PTPRC	0	1
PTPRCAP	0	1
PTPRD	0.26	0
PTPRE	0.06	0
PTPRF	0.06	0
PTPRN	0.658	0
PTPRO	0.026	0
PTPRR	0.844	0
PTPRZ1	0.048	0
PTRF	0.358	0
PTTG1	0.002	0
PTX3	0.134	0
PURA	0.002	0
PXDN	0.326	0
PYCARD	0	1
PYGB	0.088	0
PYGL	0.006	0
PYGM	0.028	0
PYROXD1	0.358	0
QARS	0.256	0
QDPR	0.194	0
QKI	0.064	0
RAB11B	0.018	0
RAB11FIP2	0.016	0
RAB11FIP5	0.08	0
RAB13	0.85	0
RAB15	0	1
RAB23	0.004	0
RAB25	0.018	0
RAB26	0.002	0
RAB27A	0.196	0
RAB3A	0	1
RAB6B	0.976	0
RAB8A	0.096	0
RAB8B	0.344	0
RAB9A	0.658	0
RABIF	0	1
RAC2	0.744	0
RACGAP1	1	0
RAD1	0	1
RAD54L	0.042	0
RAD9A	0.088	0
RAF1	0	1
RALA	0.492	0
RALBP1	0.506	0
RAMP1	0.366	0
RAMP3	0.208	0
RAN	0	1
RANBP2	0	1
RAP1GAP	0	1
RAP2A	0.166	0
RAP2B	0	1
RAPGEF2	0.204	0
RAPGEF4	0.554	0
RAPGEF5	0.068	0
RARRES3	0.746	0
RASA1	0	1
RASGRF1	0	1
RASGRP1	0.818	0
RASIP1	0	1
RB1	0	1
RBBP4	0	1
RBBP8	0	1
RBCK1	0	1
RBP1	0.974	0
RBPMS	0.106	0
RCAN1	0.028	0
RCHY1	0	1
RCOR1	0.154	0
RDX	0	1
REC8	0.04	0
RECQL	0	1
RELA	0	1
RELN	0.002	0
RET	0.064	0
REV3L	0.546	0
RFC1	0	1
RFC2	0.012	0
RFC3	0.038	0
RFC4	0	1
RFC5	0.01	0
RGL1	0.144	0
RGS1	0.436	0
RGS10	0.004	0
RGS13	0.044	0
RGS16	0.002	0
RGS17	0.018	0
RGS19	0	1
RGS2	0.252	0
RGS20	0.71	0
RGS4	0.448	0
RGS5	0.572	0
RGS7	0.27	0
RHOB	0	1
RHOBTB1	0.25	0
RHOC	0.52	0
RHOD	0	1
RHOF	0	1
RHOG	0.908	0
RHOH	0.12	0
RICH2	1	0
RICS	0.506	0
RIF1	0	1
RIMS2	0	1
RINT1	0.092	0
RIPK1	0.128	0
RIT1	0.014	0
RIT2	0.198	0
RMI1	0.362	0
RNASE4	0	1
RNASE6	0.058	0
RND3	0.15	0
RNF11	0	1
RNF34	0	1
ROBO1	0.082	0
ROBO3	0.09	0
ROCK1	0	1
RORA	0.018	0
RP2	0.018	0
RPA1	0	1
RPA2	0.07	0
RPA3	0.072	0
RPH3A	0	1
RPL31	0	1
RPN1	0.01	0
RPN2	0	1
RPRM	0	1
RPS6KA1	0	1
RPS6KA2	0.02	0
RRAGA	0.214	0
RRAS	0.008	0
RRAS2	0.322	0
RRM1	0	1
RRM2	0	1
RTN1	0.992	0
RUNDC3A	0.83	0
RUVBL1	0.106	0
RXRG	0	1
RYR2	0	1
RYR3	0.066	0
S100A1	0.002	0
S100A10	0	1
S100A11	0	1
S100A12	0.992	0
S100A2	0.124	0
S100A4	0	1
S100A6	0	1
S100A7	0.002	0
S100A8	0	1
S100A9	0	1
S100B	0.004	0
S100P	0.046	0
SALL1	0.582	0
SALL2	0.008	0
SAR1B	0.206	0
SATB1	0.202	0
SCEL	0.18	0
SCG2	0	1
SCG3	0.372	0
SCGB1A1	0.082	0
SCIN	0.014	0
SCN1B	0.006	0
SCNN1A	0.042	0
SCYE1	0.258	0
SDC1	0.034	0
SDC2	0.372	0
SDC3	0.006	0
SDC4	0	1
SDCCAG8	0.074	0
SDHB	0.122	0
SEC11A	0	1
SEC24A	0.086	0
SEC61A1	0.006	0
SEC61A2	0.104	0
SEC61G	0.994	0
SELE	0.088	0
SELL	0.002	0
SELP	0.014	0
SEMA3A	0.028	0
SEMA4A	0.864	0
SENP2	0.002	0
SEPT10	0.436	0
SEPT2	0.108	0
SEPT4	0.074	0
SEPT6	0.112	0
SERBP1	0	1
SERINC1	0.014	0
SERPINA1	0.842	0
SERPINA5	0.268	0
SERPINB2	0.504	0
SERPINB5	0	1
SERPINB6	0.812	0
SERPIND1	0.186	0
SERPINE1	0	1
SERPINE2	0.014	0
SERPING1	0.012	0
SERPINI1	0.322	0
SF3A2	0.916	0
SF3B4	1	0
SFN	0	1
SFRP1	0.044	0
SFRP4	0.976	0
SFRS1	0	1
SFRS10	0.086	0
SFRS11	0	1
SFRS12	0.972	0
SFRS9	0.044	0
SFTPD	0.004	0
SGCG	0.012	0
SH2B3	0.176	0
SH3BGRL	0	1
SH3BP5	0.068	0
SH3GL1	0	1
SH3GL2	0	1
SH3GL3	0.042	0
SH3GLB1	0.078	0
SH3GLB2	0.082	0
SHC1	0.446	0
SHC3	0	1
SHMT2	0.202	0
SIAH2	0	1
SIM2	0	1
SIVA1	0	1
SIX1	0.026	0
SIX2	0.024	0
SIX3	0	1
SIX6	0.242	0
SKP2	0	1
SLA	0.004	0
SLC16A1	0.326	0
SLC17A7	0	1
SLC1A2	0.55	0
SLC1A3	0.328	0
SLC25A1	0.41	0
SLC25A22	0.014	0
SLC25A4	0.002	0
SLC30A3	0.676	0
SLC38A6	0.246	0
SLC3A2	0.326	0
SLC4A3	0	1
SLC6A1	0	1
SLC6A4	0	1
SLC6A9	0.476	0
SLC9A3R1	0	1
SLIT1	0.094	0
SLIT2	0.002	0
SLN	0.446	0
SLPI	0.334	0
SMAD1	0	1
SMAD4	0.006	0
SMAD5	0.548	0
SMAD7	0	1
SMARCA4	0	1
SMARCA5	0.808	0
SMARCC1	0.772	0
SMARCC2	0	1
SMARCD2	0.322	0
SMARCD3	0.002	0
SMC2	0	1
SMC3	0.046	0
SMC4	0.002	0
SMS	0	1
SMTN	0	1
SNAI2	0.004	0
SNAP23	0.452	0
SNAP25	0	1
SNAPC1	0.672	0
SNCA	1	0
SNCAIP	0.998	0
SNCB	0.99	0
SNF1LK	0.344	0
SNPH	0	1
SNRPB	0.358	0
SNRPE	0.98	0
SNRPG	0.46	0
SNX17	0	1
SOCS2	0.932	0
SOD2	0.89	0
SOSTDC1	0.502	0
SOX11	0.942	0
SOX2	0.3	0
SOX9	0.12	0
SP100	0	1
SP110	0.714	0
SP140	0	1
SP3	0	1
SPAG16	0.062	0
SPAG5	0.022	0
SPARC	0.008	0
SPARCL1	0.242	0
SPC25	0.66	0
SPCS3	0.4	0
SPHK1	0.448	0
SPI1	0.25	0
SPINT1	0.734	0
SPINT2	0.248	0
SPON1	0.172	0
SPP1	0	1
SPRR3	0.162	0
SPRY1	0	1
SPRY2	0.012	0
SPRY4	0	1
SPTAN1	0.286	0
SRGAP3	0.958	0
SRGN	0	1
SRI	0	1
SRPK1	0	1
SRPX	0.252	0
SSB	0	1
SSR1	0.058	0
SSR2	0.148	0
SSR3	0.03	0
SSRP1	0	1
SST	0.998	0
ST14	0.64	0
STAB1	0.488	0
STAG1	0.016	0
STAG2	0.56	0
STAM	0	1
STARD13	0.35	0
STAT1	0.008	0
STAT3	0	1
STAT4	0	1
STEAP3	0	1
STIL	0.08	0
STK17A	0	1
STK17B	0.028	0
STK38L	0.06	0
STMN2	0.734	0
STON1	0.63	0
STRN4	0	1
STT3A	0.236	0
STX10	0.004	0
STX11	0	1
STX12	0	1
STX1A	0	1
STXBP1	0	1
STXBP2	0.442	0
STXBP6	0	1
SULT1A1	0.31	0
SV2A	0.222	0
SV2B	0	1
SV2C	0.04	0
SYK	0.656	0
SYN1	0	1
SYN2	0	1
SYNCRIP	0.554	0
SYNJ1	0.052	0
SYP	0.81	0
SYT1	0	1
TAC1	0.434	0
TAC3	0.424	0
TACSTD1	0	1
TAF12	0.894	0
TAF1A	0.006	0
TAF1B	0	1
TAF5	0.33	0
TAF9	0	1
TAGLN	0.268	0
TAGLN3	0.394	0
TANK	0.036	0
TAP1	0.862	0
TAP2	0	1
TARBP2	0	1
TBL1XR1	0.43	0
TBP	0	1
TBX2	0	1
TBX3	0.002	0
TBXAS1	0	1
TCF12	0.708	0
TCF4	0.372	0
TCF7L1	0.22	0
TCIRG1	0.912	0
TDG	0	1
TEP1	0.01	0
TERF2	0.628	0
TERF2IP	0.526	0
TERT	0	1
TF	0.346	0
TFAP2A	0	1
TFAP2B	0.04	0
TFB2M	0.028	0
TFDP1	0.1	0
TFDP2	0.398	0
TFPI	0.516	0
TFPI2	0.086	0
TFRC	0.004	0
TGFB1	0.872	0
TGFB1I1	0.062	0
TGFB2	0.238	0
TGFB3	0	1
TGFBI	0	1
TGFBR2	0.204	0
TGFBR3	0.598	0
TGIF1	1	0
TGM2	0	1
THBD	0.828	0
THBS1	0.088	0
THBS2	0.03	0
THBS3	0.01	0
THBS4	0.472	0
THY1	0.408	0
TIA1	0.408	0
TIAM1	0.01	0
TIE1	0.006	0
TIMELESS	0.216	0
TIMP1	0.994	0
TIMP3	0.648	0
TIMP4	0.86	0
TJP2	0.092	0
TK1	0	1
TLE2	0.756	0
TLE3	0	1
TLK1	0	1
TLN1	0.068	0
TLN2	0.032	0
TLR1	0.754	0
TLR2	0.36	0
TLR3	0.532	0
TLR4	0.61	0
TLR5	0.828	0
TLR7	0.446	0
TLR8	0.018	0
TMED2	0.924	0
TMEM123	0.752	0
TMEM47	0.576	0
TMOD1	0.022	0
TMPO	0.056	0
TNC	0	1
TNF	0	1
TNFAIP3	0.194	0
TNFAIP6	0	1
TNFAIP8	0.074	0
TNFRSF10B	0.006	0
TNFRSF11B	0.592	0
TNFRSF14	0	1
TNFRSF17	0.458	0
TNFRSF1A	0.992	0
TNFRSF1B	0.848	0
TNFRSF8	0	1
TNFSF10	0.71	0
TNFSF14	0.01	0
TNFSF4	0.186	0
TNIP1	0.304	0
TNN	0	1
TNNC1	0.072	0
TNNT1	0.016	0
TOP2A	0	1
TP53	0.828	0
TP53BP2	0	1
TP53I3	0	1
TP63	0	1
TPM1	0	1
TPM2	0.016	0
TPM4	0.02	0
TPR	0.166	0
TPX2	0	1
TRA2A	0.136	0
TRAF1	0	1
TRAF3	0	1
TRAF5	0.64	0
TRAM1	0.32	0
TRAM2	0.002	0
TREM1	0.688	0
TREM2	0.762	0
TRIB3	0.38	0
TRIM22	0	1
TRIM24	0.236	0
TRIM28	0.038	0
TRIM29	0	1
TRIM37	0.598	0
TRIP10	0.01	0
TRIP6	0.838	0
TROAP	0.1	0
TRRAP	0.62	0
TSC1	0.154	0
TSC22D1	0.024	0
TSHR	0	1
TSPAN4	0.028	0
TSPYL2	0.334	0
TTC3	0.08	0
TTF2	0.448	0
TTK	0	1
TTR	0.006	0
TUBA1A	0.284	0
TUBA4A	0	1
TUBB	0	1
TUBB2A	0.262	0
TUBB2B	0.188	0
TUBB3	0.07	0
TUBB4	0.976	0
TUBB6	0.868	0
TUBG1	0.458	0
TUBG2	0.144	0
TWIST1	0	1
TWSG1	0.11	0
TXNDC1	0.65	0
TXNDC5	0.894	0
TXNIP	0.722	0
TYMS	0	1
TYROBP	0.646	0
UBD	0.094	0
UBE2C	0.21	0
UBE2G1	0	1
UBE2L6	0.12	0
UCHL1	0.942	0
UCP2	0.11	0
UGT2B15	0	1
UNC13B	0	1
UNG	0.008	0
UPF3B	0.182	0
UPP1	0.91	0
UQCRC1	0	1
UQCRC2	0	1
UQCRFS1	0	1
USH1C	0.204	0
USP18	0.226	0
UTRN	0.584	0
VAMP2	0.086	0
VAMP3	0	1
VAMP8	0.004	0
VAV3	0	1
VBP1	0	1
VCAM1	0	1
VCAN	0	1
VDAC1	0.018	0
VEGFA	0	1
VEGFC	0.002	0
VIM	0.08	0
VIP	0.974	0
VIPR1	0.992	0
VLDLR	0	1
VSIG4	0.062	0
VTI1B	0.128	0
VTN	0	1
VWF	0.304	0
WASF1	1	0
WASF3	0.71	0
WDR5B	0.332	0
WEE1	0.328	0
WIF1	0.992	0
WIPF1	0.672	0
WISP1	0.048	0
WISP2	0.072	0
WNT10B	0.892	0
WNT5A	0.83	0
WRN	0	1
WT1	0.02	0
WWTR1	0.148	0
XRCC2	0.178	0
YBX1	0.036	0
YEATS4	0.782	0
YES1	0	1
YWHAB	0	1
YWHAH	0	1
YWHAZ	0	1
ZBTB16	0.05	0
ZC3H11A	0.022	0
ZFHX4	0.006	0
ZFP30	0	1
ZFP36	0.202	0
ZFP36L1	0.198	0
ZFP36L2	0.11	0
ZFP37	0.95	0
ZFPM2	0.244	0
ZIC1	0	1
ZMAT3	0	1
ZNF107	1	0
ZNF117	0	1
ZNF12	0.838	0
ZNF124	0.342	0
ZNF135	0	1
ZNF136	0.954	0
ZNF140	0.992	0
ZNF143	0	1
ZNF146	0.398	0
ZNF167	0.994	0
ZNF177	0.102	0
ZNF189	0	1
ZNF20	0.778	0
ZNF211	0	1
ZNF217	0.592	0
ZNF22	0.974	0
ZNF226	0	1
ZNF264	0.908	0
ZNF266	0.974	0
ZNF267	0.196	0
ZNF271	0.966	0
ZNF273	0	1
ZNF274	0.002	0
ZNF292	0.008	0
ZNF3	0.776	0
ZNF302	0	1
ZNF331	0.59	0
ZNF334	0	1
ZNF37A	0	1
ZNF410	0	1
ZNF415	0.93	0
ZNF426	0.276	0
ZNF43	0.602	0
ZNF430	0.408	0
ZNF432	0.994	0
ZNF45	0.976	0
ZNF468	0.854	0
ZNF492	0	1
ZNF551	0	1
ZNF571	0	1
ZNF573	0	1
ZNF606	0.93	0
ZNF623	0	1
ZNF638	0.038	0
ZNF652	0.658	0
ZNF665	0	1
ZNF7	0	1
ZNF83	0.74	0
ZNF84	0	1
ZNF91	0.426	0
ZNF93	0	1
ZWILCH	0.572	0
ZWINT	0.344	0
ZYX	0	1
